guid,email,first_name,last_name
edf51edc-115d-49b0-b1cd-81dc9e1f86d9,kchidler0@adobe.com,Kitty,Chidler
7d508d7d-4032-4771-8df8-f6a15c82735d,semmert1@newsvine.com,Storm,Emmert
563511e8-dacd-45ff-a3dc-725b3c4619f2,cgilchrist2@tiny.cc,Clair,Gilchrist
4424d3f4-e7e6-4a75-b1f3-a60e87be95bd,eplet3@github.io,Ealasaid,Plet
fb3ae1d0-2074-4150-b93d-7a3185a4aff2,hsmallsman4@scientificamerican.com,Hewitt,Smallsman
d62bb668-55ae-49f5-9db9-f37cc52f0619,cjuste5@themeforest.net,Cal,Juste
6e1885cd-3aba-4b2c-8a6e-011c5d3e4068,nlewing6@squidoo.com,Nina,Lewing
33bd4dbd-4c25-405f-a946-159faa04407d,bmadden7@businessweek.com,Buddie,Madden
ca5e0454-e408-45cf-afb9-0bff8a5059fa,afiddy8@illinois.edu,Agathe,Fiddy
5f642d67-46da-4e1c-8cf5-a6e792e59892,lspark9@businessweek.com,Lemuel,Spark
c5fd956e-6579-4e59-81c9-9a95ea8a6513,sdelanya@php.net,Shayla,Delany
d4062ba5-b03c-402a-adfd-ca09d049847d,lciardob@instagram.com,Leyla,Ciardo
896c0cb8-2061-495b-a4e5-8818dece4a09,pmcclenanc@hhs.gov,Park,McClenan
7aec7247-cf3e-4688-a2c4-8acb7a8f0e96,bbrabenderd@ca.gov,Blane,Brabender
f6ce183e-c759-41e2-844d-f091bb732ab0,dofairye@hp.com,Deloria,O'Fairy
621c9d5e-69bd-45e0-8bb9-86a9eaacd74b,nmeyrickf@foxnews.com,Nata,Meyrick
25ee93fa-d9c7-4efb-9644-69156b9aeb09,aoxtabyg@mediafire.com,Arielle,Oxtaby
3d66b9d3-712a-4fbd-be0c-d8cf2e9adc88,itomaszczykh@google.fr,Ignaz,Tomaszczyk
08a95e3a-64f4-4e8b-bf81-e90512c647df,nrosenthaleri@a8.net,Nita,Rosenthaler
4510ed93-e64c-488b-9946-f6f2e3fc734e,wbatsfordj@quantcast.com,Wiley,Batsford
a7ab9230-d1f0-4f9c-9b54-fd820229b9d2,cnylesk@cloudflare.com,Carissa,Nyles
4ddd76cb-3de2-418c-978e-8d0325fc6b3f,dsinisburyl@nih.gov,Daisey,Sinisbury
e5f67c38-73cb-4985-8f29-be1e55726e0b,bcarrelm@dailymotion.com,Borg,Carrel
276ff7fb-3145-49b2-9584-693fc0ae2d0b,cpeckettn@weibo.com,Corabel,Peckett
e89dfb87-5e2c-474a-8a59-164d40f8ac0e,kruddicko@hhs.gov,Kienan,Ruddick
8fc08f25-9f4a-464d-b695-da2f88c04515,bonoulanep@google.it,Bernadine,O'Noulane
1937de46-3612-410a-a970-ec4b51f4b574,mmandersonq@xrea.com,Menard,Manderson
6d044bc0-10c1-4071-abc9-35c39fca642a,mkasmanr@google.com.au,Min,Kasman
e59a22dd-5d20-437b-a62d-ee1468c3a8e4,ftuffells@jalbum.net,Francklin,Tuffell
041add9a-76ee-4e39-a5a7-4eb5c1a89ba1,ktrevenat@jimdo.com,Kayla,Trevena
cbefbad7-1a39-419b-90a1-6af8f42b18d4,lpontainu@etsy.com,Lars,Pontain
da16ddc7-332f-49ae-8668-aaaf5339c34e,amcdyerv@sfgate.com,Alyosha,McDyer
a1681d35-da56-4328-9aa6-e9aa69a94eb3,mkarpychevw@unc.edu,Monroe,Karpychev
1c79eec6-1249-4600-b013-85d049eea984,phunx@baidu.com,Pammi,Hun
9ded8d03-0ed6-4abc-89a4-060171e04dad,fdrakey@nps.gov,Fifi,Drake
bd8be729-ac58-44f7-993e-6c3d13541147,jducez@berkeley.edu,Juditha,Duce
53367791-7805-4e3d-bc9c-0761d3e62ee3,oevequot10@histats.com,Orlando,Evequot
a3fddc93-9ff3-4016-8fd2-df6b3bec33f8,tfarraway11@yahoo.com,Thedrick,Farraway
17d414ef-72e6-4248-856f-913ab443eaa2,nvoas12@uiuc.edu,Noble,Voas
9b3048c9-438f-4d6a-ba2b-4312b4c8c03c,dhannabuss13@chron.com,Daryl,Hannabuss
63e5258e-423e-4e91-bd2d-50a9604de9d5,bbere14@java.com,Bendix,Bere
070104cf-eb01-4dbd-8037-bc5ddd605a9d,pwoodyatt15@yolasite.com,Pammy,Woodyatt
3718f5a1-47ef-4c11-9aed-7fe261b96b99,qthurstan16@icq.com,Querida,Thurstan
b7043c2c-67f9-499b-a7fd-ee418ae9bbfb,frenison17@g.co,Flory,Renison
0eb02495-3ee9-490b-8307-3bf090282dee,dmackellar18@dailymail.co.uk,Delores,MacKellar
5d7f9f0d-2230-440e-962f-0c30cfc60983,jpritchard19@mashable.com,Jorey,Pritchard
0e70ce58-931d-4d0b-ae62-abd0aeec8bd6,rpottberry1a@china.com.cn,Roz,Pottberry
b238047f-d2e7-4d13-b598-1f66e32105ac,wmalden1b@simplemachines.org,Wallace,Malden
686c6d7d-4960-4d32-99e0-d531e3afc034,abattison1c@hugedomains.com,Arleen,Battison
83f360cf-0cfa-4872-b3ef-7ea317a82bce,pfransinelli1d@cam.ac.uk,Peggie,Fransinelli
3d7fc537-d83c-4bb7-9f9e-9cafa0ccdc2a,kpetto1e@ebay.co.uk,Kat,Petto
2fcf4461-6240-4091-b470-8d40d31a7b35,bpulley1f@ed.gov,Boy,Pulley
7e5bcdf5-41c7-459f-acf6-495d7f3d6b02,amadle1g@de.vu,Adamo,Madle
27e4493f-4b00-4e49-9c18-61e6e8e98eeb,nlowson1h@alexa.com,Noni,Lowson
e95d27c3-c513-49ea-b43b-7a7ffe3d128c,glemerie1i@skype.com,Garrard,Lemerie
d571f4fc-02a3-4872-bcbd-6d30dd7f9c1e,okhomin1j@amazonaws.com,Otha,Khomin
95cd2611-55f5-4d66-9585-31b593a7a8ea,dmapplebeck1k@icq.com,Dell,Mapplebeck
1e3589bb-b803-4175-a392-bfc7c09f620c,ksibary1l@elpais.com,Karyn,Sibary
e0605ac9-227a-4263-ab39-7f34e13b9ec0,kgiannini1m@independent.co.uk,Krissie,Giannini
c1e41473-de4a-46f0-9f27-50cfe689e05f,vtoovey1n@blogger.com,Vivien,Toovey
a217aeba-9d34-4eec-94d5-d2902797c0fc,lchesworth1o@ifeng.com,Lorenzo,Chesworth
8d93a5ab-4da5-4239-8553-0189fc6908b9,mhaggas1p@is.gd,Merla,Haggas
623180ad-c4fe-43c4-8167-025110e9509b,ncotilard1q@studiopress.com,Nikos,Cotilard
a01dac06-654d-4878-bf69-88b83409adda,otipperton1r@last.fm,Oralle,Tipperton
6241a36c-0331-430c-a12a-a59a7d0b38a5,lmcgillivray1s@woothemes.com,Linnet,McGillivray
7b21e3a7-23fd-4f2d-8e5f-0f66e682c38c,mwroe1t@scribd.com,Mona,Wroe
13b9f59c-ccd8-4969-a914-57c079ea255a,gmacpharlain1u@slate.com,Gaultiero,MacPharlain
912fbb99-79f3-4037-a214-14405b6bb75e,rdupree1v@t.co,Rochell,Dupree
6d9251f9-9f44-4377-91b8-8ef4c6e77a2b,lclausius1w@yale.edu,Loraine,Clausius
ac0a69db-8c8d-41ca-9a86-9188a680cec3,oyeandel1x@ucoz.ru,Ora,Yeandel
bcadc3ad-d17c-4ab6-b048-5dec46d12729,dqueree1y@pinterest.com,Danila,Queree
1a7ca935-dc56-4dc1-b51a-a1e0ba15ff00,rslader1z@nifty.com,Ros,Slader
2164988c-d4c9-4303-98ef-1c278458dcc9,lcomusso20@joomla.org,Lyda,Comusso
f5be48ae-e1bc-4032-b407-16a20f911422,nturville21@irs.gov,Norina,Turville
9df14d92-0416-4954-8c19-ef4d6c501f76,aivashkov22@myspace.com,Antoinette,Ivashkov
21d60346-f210-4538-a73a-fb868767224c,lhellyer23@123-reg.co.uk,Leupold,Hellyer
f41c28fb-6747-4657-835b-ab2b55f9ff91,hmawman24@drupal.org,Herminia,Mawman
84d4bd80-a2a1-4d12-9c45-6d2d1ba96679,lorum25@webmd.com,Lucie,Orum
8c3e5591-3546-49ed-a758-3296ec1a98e4,fharfoot26@t-online.de,Freda,Harfoot
439b28f9-fc9e-4576-84fe-805ad9b9b1ac,tallain27@hp.com,Torr,Allain
3f1b1ed6-8bea-43fd-9a15-7edaf9fa0fb7,fjumont28@dailymotion.com,Fionna,Jumont
19ef7238-073e-4264-abad-7a3705735488,gdibiagi29@webmd.com,Ginevra,Di Biagi
43428872-8540-45c2-857a-9a1f5773ec02,respinoza2a@unesco.org,Rice,Espinoza
85bc67a0-8109-4dfa-8edb-a492cb2803aa,drubinsaft2b@cdbaby.com,Deanne,Rubinsaft
ed97b465-16de-4798-93de-fcd2294983d2,mwaiton2c@hatena.ne.jp,Mercie,Waiton
194f5c3f-966a-4666-8c70-a7b0a2e6a6ff,avernau2d@wisc.edu,Arabela,Vernau
e3a5857d-526f-4d40-b046-e7d9217553da,zlemin2e@a8.net,Zulema,Lemin
9007bf58-7bd4-4134-961e-4bd47cee748d,rhurring2f@blogs.com,Rolf,Hurring
7e5d060c-01ac-4866-83dd-9595f4e15384,hlaugharne2g@issuu.com,Hector,Laugharne
2c2f6971-2b68-4564-b0cb-d4ca8e98c486,banstiss2h@drupal.org,Barbey,Anstiss
638589ab-869e-4367-aea5-882a132f5aad,hburrass2i@etsy.com,Haleigh,Burrass
74cab2b3-c75e-4e2e-bf30-8126b003b255,dlawes2j@disqus.com,Dorene,Lawes
f10e0def-50a6-4c50-a5f8-7bcc96b13744,hbeardall2k@weebly.com,Hillel,Beardall
9b1668d2-e9eb-458c-a8a6-64434c49a962,dkmiec2l@cocolog-nifty.com,Dorri,Kmiec
fd86d330-27ac-4870-a792-2e3cb2018c36,jurquhart2m@feedburner.com,Judith,Urquhart
0119d050-071a-4b04-b698-41b852c80816,lpyffe2n@forbes.com,Loella,Pyffe
3cb293e6-4590-443a-b3d6-ecc5be620746,mrabson2o@rediff.com,Marcel,Rabson
86893f7c-bac1-4a31-9f81-89e892664b72,eferronel2p@columbia.edu,Erhart,Ferronel
54dc9a06-5c3b-4b4a-a637-612cbdc29b52,dmilazzo2q@hhs.gov,Dulcia,Milazzo
bd1d1693-d48c-458b-9729-4a6748ba8206,zbirrell2r@nasa.gov,Zorina,Birrell
177b08fe-7207-4ada-b8dd-aa663e8605bc,blanon2s@cpanel.net,Bertine,Lanon
faecf95d-4130-4b49-a4cf-a53a836280ad,lmaric2t@cloudflare.com,Latashia,Maric
48afca19-c1b6-4b48-91e7-9bc7378f6de7,hrivard2u@163.com,Hobey,Rivard
2549e9a4-40c1-42e5-95da-aff8ee1f46fe,nkember2v@oakley.com,Nicolle,Kember
b229b796-7a0d-4451-9e47-25c5340c3349,ascotti2w@google.fr,Alfy,Scotti
021ed96c-3c24-4973-93c2-f3e045f278c7,egawler2x@angelfire.com,Ekaterina,Gawler
8ec0d868-b6a4-498b-afd8-59b2b0c571f5,jjulyan2y@123-reg.co.uk,Janaya,Julyan
66ca1c6e-fdfb-4041-b20e-2f6579a97564,hfandrey2z@accuweather.com,Harmony,Fandrey
4059fd74-48a8-4ee9-92eb-366f8e785cae,aoxx30@chron.com,Aguistin,Oxx
e8f463c8-7f26-4706-a4dd-e685c1b7335e,hattarge31@edublogs.org,Herschel,Attarge
a65eb60c-91aa-413b-b5ab-7557db98b96c,foldroyde32@nsw.gov.au,Frants,Oldroyde
ad95c17e-efa0-4b85-8dba-188290e72280,unevison33@netvibes.com,Umberto,Nevison
e7aa8a1c-c7f2-41eb-b9ea-ee9923e3499c,aswettenham34@joomla.org,Aubrie,Swettenham
66782b57-83eb-4620-9c96-858064c5f2c6,jwalcher35@ovh.net,Jilli,Walcher
7205d8c0-fc36-4dce-8201-1ed441c71b8c,wbartkowiak36@printfriendly.com,Winifield,Bartkowiak
24457c3e-5a76-4de9-a55f-60731f781e1a,mdomm37@exblog.jp,Merrili,Domm
2bfcb23c-eaa0-4907-aeac-86597463ec10,ecoton38@imageshack.us,Eugine,Coton
0920e395-aafb-4df8-80db-345953be9d68,rglentworth39@google.com,Rahel,Glentworth
f591918c-a495-447a-8454-0f282bb342b6,akornyakov3a@behance.net,Anne-marie,Kornyakov
2f3003f1-629f-4245-b042-f08d97986652,cbrunning3b@hubpages.com,Clarence,Brunning
6519d2c9-9bbc-4982-8527-5296f6f1d1ab,srocco3c@ucsd.edu,Skippy,Rocco
f63f6f88-7e71-4afd-9a26-6c34e784cac5,mcaveau3d@biglobe.ne.jp,Merridie,Caveau
99ee1dc5-b933-48a4-b382-79131f024204,dlodevick3e@google.it,Daffy,Lodevick
d1d40dee-f46a-499b-8bb8-aef21d0aa3df,dsheal3f@vistaprint.com,Donnie,Sheal
67ff85ed-6ea9-4bd0-8c8a-85b26b76c62a,araincin3g@elegantthemes.com,Ambrosius,Raincin
9b8e0858-3611-4343-ac9b-43e81e3c46ed,kpashby3h@studiopress.com,Krystalle,Pashby
f6da7c43-8eb6-4d58-a15a-5b2ba353ee2c,dmarcq3i@sohu.com,Drusilla,Marcq
1d834e09-23fd-432b-99e7-c1fa0b0a6489,planbertoni3j@dedecms.com,Phillis,Lanbertoni
26d42edb-e267-40e7-ac61-390c45b779fb,espoure3k@ca.gov,Erhart,Spoure
5420280e-e251-48cf-8455-32d4912de2c9,hbourke3l@vistaprint.com,Herrick,Bourke
b76cc0fd-409b-40ab-abd5-59a986fe72fe,mfassan3m@parallels.com,Margaretha,Fassan
16b15087-ef91-4fe5-8572-62a8bcb5f887,ariall3n@woothemes.com,Antonia,Riall
e8f6afd1-bb5f-4934-a40a-3b1c93dd8234,hattew3o@simplemachines.org,Hettie,Attew
abc041bf-69d5-4fb7-9cd6-832a901325e8,kmccabe3p@army.mil,Ki,McCabe
9c036c5f-4963-4d99-a267-4983bad8293e,dyaknov3q@loc.gov,Dewitt,Yaknov
2da9aabe-5b8f-4b31-89ab-e1701f78be2d,ppescod3r@1688.com,Paton,Pescod
abca1059-2a30-4dea-bd15-c8991e530814,fpicker3s@instagram.com,Fabian,Picker
b020e514-003f-4a9d-b06d-a1e59a8308f3,npaszak3t@bandcamp.com,Nancee,Paszak
eb2fd55e-5300-4182-a5b0-90d9aff49a2b,agrioli3u@redcross.org,Arch,Grioli
c30f5078-7768-478a-a5a0-07cdaf08f65d,kauchterlonie3v@wordpress.com,Katuscha,Auchterlonie
0100f165-dd39-4c06-8034-39a3bbb3cf6a,bhaggerty3w@ca.gov,Billye,Haggerty
eee78cbf-0bcf-4790-9f43-c52ac4ad5f76,phallahan3x@hao123.com,Paquito,Hallahan
2b6a45a9-baa0-4e25-953f-4fb325177239,shaggeth3y@vk.com,Stephannie,Haggeth
8646e6bd-bf82-405d-993e-692c3eecc13a,dadderson3z@biblegateway.com,Daisy,Adderson
454e2048-851c-4e0b-b8d2-e9ddb9bfea88,bquennell40@qq.com,Brandtr,Quennell
7ff90c03-dbd2-46b1-876b-a247a22f7f45,eathow41@ovh.net,Ema,Athow
15fe4867-6718-494a-a48f-aa53729e0abc,emorse42@cargocollective.com,Emmalee,Morse
cb37971a-2a79-4738-8348-462ee930f344,adanaher43@studiopress.com,Agathe,Danaher
57af570c-04de-49df-93b6-6fc3c52bfd1f,droddy44@qq.com,Darby,Roddy
379172ca-0726-4191-91b3-46a5fc539031,ialvares45@webeden.co.uk,Imogen,Alvares
e576d1ed-21cf-4cd3-8dea-33a26b4cae4c,jbriddle46@facebook.com,Jeniece,Briddle
2e7186a9-2b01-449c-9904-b62943816255,jramel47@dagondesign.com,Janela,Ramel
c1a0e43c-f4ec-47af-bda1-84ddfdbfec54,cgeharke48@telegraph.co.uk,Cobby,Geharke
a3ba5385-ac4c-46fc-a827-2ef18ee59753,kkayzer49@gnu.org,Kenon,Kayzer
de93ab8a-733d-4720-8b7d-04b1160527f3,abontein4a@acquirethisname.com,Alvy,Bontein
fc210a33-aa46-416d-8056-8f56452570f0,tbraganza4b@nymag.com,Tybie,Braganza
d5c18ebe-1c10-4df0-99e8-dc1b6d7735bd,nkimber4c@pagesperso-orange.fr,Nicolas,Kimber
23a4e75f-9ec2-4285-ab52-b3b612efdbfa,rgoodridge4d@deviantart.com,Roseanna,Goodridge
38b34446-5e94-4790-8016-814428470629,peaton4e@oaic.gov.au,Phyllis,Eaton
60fa2f2e-2e88-4e33-a3fd-2484e6504a94,sjorez4f@i2i.jp,Sophie,Jorez
a5c174b9-2ec4-49ec-b2a0-72526d73752f,khoy4g@berkeley.edu,Kerstin,Hoy
fc8812b4-1ebe-4258-be06-def08751aada,dchampniss4h@ebay.co.uk,Davide,Champniss
4d18150b-6f8f-4364-9f72-cdbbfa08f13c,gdanson4i@about.me,Gloriane,Danson
666596d8-08ee-4540-9448-c451f71f91e7,lspeer4j@marriott.com,Livvy,Speer
81108ae8-b927-4cdc-aa97-391fff288eb9,erevey4k@mozilla.com,Eugenie,Revey
6ee50ad2-390a-4848-8175-60f5ab48a876,ncolerick4l@squidoo.com,Noby,Colerick
28a35eed-5f43-497b-8545-257688d3ac9a,dochterlonie4m@acquirethisname.com,Duff,Ochterlonie
db5cb9c9-2bb8-4ba5-ac68-7309cdfd702b,kvidler4n@ft.com,Kingsley,Vidler
3650de58-bb0b-4adb-bb8c-433dca847dbc,nsigfrid4o@ca.gov,Nadia,Sigfrid
cb62feac-638d-47f6-b07a-c037c8226833,hnettleship4p@cargocollective.com,Howard,Nettleship
e448c924-4054-43ad-bfdb-3270334cbfa9,cschurcke4q@go.com,Charyl,Schurcke
1eece4f7-709c-47a4-9a64-77b4b00a01a5,rgeeve4r@fc2.com,Robbi,Geeve
f8d71fc9-7a6d-47cb-99b2-64da4040ae7d,mrieme4s@nifty.com,Myrtle,Rieme
53f9107d-b78d-416c-a995-88eda4710687,rboughey4t@webeden.co.uk,Reginauld,Boughey
c423b3f4-5756-4097-8b49-ca60ae5e877a,asibille4u@weather.com,Alexi,Sibille
712f18c9-fd3c-4687-ac53-6ade9cdc6a64,lwoofinden4v@miitbeian.gov.cn,Lanae,Woofinden
bb4b1011-ee0d-461e-ac21-5a686930b66d,iputtergill4w@goo.ne.jp,Imelda,Puttergill
855ccb99-69a4-46e4-b7b5-87a1c59b3462,mlighten4x@a8.net,Merrili,Lighten
196c9c96-dfca-431c-a598-c81983a19e55,fdumbleton4y@dedecms.com,Florie,Dumbleton
d650f4ea-d767-4bf7-9974-18526bd38973,arubinchik4z@berkeley.edu,Angela,Rubinchik
4f8a8b33-bf56-4d7c-8110-56af724767c0,cgeelan50@webnode.com,Charissa,Geelan
28c62823-8da4-41c1-9944-5240358b49f5,mgrunguer51@360.cn,Mohandis,Grunguer
7288740c-bd66-439b-9824-a887df0456e4,modocherty52@go.com,Maddie,O'Docherty
f175b868-81a9-4276-85be-5d02a7bf13c9,kshemilt53@yahoo.co.jp,Kile,Shemilt
f0412410-bb1a-40c7-8803-61b7a0a69e91,bshemming54@shinystat.com,Birch,Shemming
e0c6a55a-50c2-4129-9fca-15947d0c471c,dmcgroarty55@example.com,Dorothea,McGroarty
7df3a722-50ef-445f-8c76-d3539b790bd8,adowker56@etsy.com,Archy,Dowker
bb8a509c-3f82-474c-bc87-bbc65336c8bd,eolliar57@shutterfly.com,Ernestus,Olliar
7eea5132-17cc-490b-a4fd-5902920fb336,smcgrorty58@opera.com,Serge,McGrorty
e2af7826-b30b-4701-b9b9-23fab388b57d,ggrimmert59@netvibes.com,Gilligan,Grimmert
0f0c2348-4761-46a7-818e-b4cdd78ddcac,mfalvey5a@mlb.com,Myrlene,Falvey
5c876be4-1997-4681-b860-5e80c7fd1e48,cdelasalle5b@businessweek.com,Chrissie,De La Salle
67650c4a-ac89-42ce-8336-1bb94cdafdd6,rcushelly5c@google.nl,Romona,Cushelly
d053b9df-c5bd-4b3b-9de3-4ad18b759cd8,rales5d@about.com,Ranique,Ales
aea2bca1-d943-4daa-b0a1-56d39f7f8b53,dstrete5e@surveymonkey.com,Demott,Strete
6b44fc3e-fdfe-4e2f-8f92-7bd8670c1e41,aloade5f@php.net,Amanda,Loade
c4297821-ca26-41f1-8887-7d1c9c5e4b1b,cliven5g@harvard.edu,Colin,Liven
088b3618-8fe0-42d5-9910-f42307961c4f,cashenhurst5h@ustream.tv,Cordi,Ashenhurst
fd4eb8fe-0ebd-4539-a715-31e41dd2e4b0,gdeaville5i@huffingtonpost.com,Grissel,Deaville
098b78b4-c4f8-4e2a-b147-20eae810cf90,troullier5j@umn.edu,Trudey,Roullier
34893078-86a2-4e5a-88c8-62bf3d03b793,clovelady5k@arizona.edu,Cullen,Lovelady
2853d999-4078-4867-b33e-7509d8a88a0b,ghammerton5l@so-net.ne.jp,Gaye,Hammerton
b1609daa-f256-4240-9033-0d9a6c1e064c,slympany5m@amazon.com,Stavros,Lympany
dcd8663a-440c-4150-aced-7d380ea80eba,dchapelle5n@imageshack.us,Dulcie,Chapelle
295f8f61-8bed-4631-bd75-8dcc62505afd,mlucey5o@google.ca,Mahala,Lucey
1cbb7731-9bb1-4e7a-af16-a4d5c31d4ca7,wnorcott5p@boston.com,Wanids,Norcott
60c08d73-ca1e-4134-a742-d39a51e0e50c,adando5q@sphinn.com,Annis,Dando
4898fb15-8cf2-4038-8468-b280c66e798a,lbrowning5r@npr.org,Latia,Browning
d9f33279-8a4e-46b4-b324-5df88ecff5fe,ktizzard5s@prweb.com,Kimberli,Tizzard
37102292-a38e-4f5f-bb34-a54e5e6f6e61,abeiderbecke5t@cdbaby.com,Artie,Beiderbecke
dfe83d86-cc60-4898-b948-9435a2873d3e,ggullivan5u@mozilla.org,Gilda,Gullivan
52af9721-5422-473e-84f9-827169444c64,sscutt5v@jimdo.com,Sebastien,Scutt
a1418cf2-af8c-4441-a5c2-b99948d45502,lcortin5w@ning.com,Lydie,Cortin
1833f5ca-faf9-41e6-9a91-db572c57c1e8,mschohier5x@comsenz.com,Maurise,Schohier
1f3f7097-ebfd-4ff1-a02c-cc4a91f5d7cf,lbohje5y@flavors.me,Letisha,Bohje
9867e3cc-c422-4ccb-a4fa-ee187e1f08a9,aklais5z@jalbum.net,Aharon,Klais
3cc34629-7dd8-4c03-b3d6-a4a92cd25617,lbutten60@yahoo.co.jp,Laina,Butten
056156cc-0e8b-4b4d-9c1e-4c933c684a78,hcoslett61@washingtonpost.com,Heath,Coslett
eee33094-8c19-483b-a45e-7d2e5d91d589,gbaum62@blogger.com,Gilles,Baum
98818796-ace9-441f-97a2-bda855672451,kempson63@bbc.co.uk,Kyla,Empson
24c91b8c-9f3b-4686-b075-ef2739dd98e4,hgrierson64@ft.com,Hugo,Grierson
5534f6f5-6c66-47ca-ba75-a61e04081342,kfowlestone65@google.ru,Kerry,Fowlestone
063052fe-ebd4-4838-b078-7062e9ba7836,dchomicki66@apple.com,Domenico,Chomicki
c0dae69b-1e2d-4f13-bef7-45402a1f1f9d,hbroderick67@surveymonkey.com,Harriette,Broderick
427937a4-3dea-4f62-999a-bf032ced9072,gdorgon68@who.int,Gordon,Dorgon
3cd6fb57-29f4-4282-b171-57f9cbabf2c1,lkeyson69@phpbb.com,Luciano,Keyson
90b0c6f8-8cfb-433f-a11a-dd6124df957e,cgridley6a@slashdot.org,Codi,Gridley
de4e635d-1581-4904-ade0-e0e78fc6fe60,miacobassi6b@cdc.gov,Matthaeus,Iacobassi
5ac4e6ad-2675-4333-a166-7901f0afc85e,pgreneham6c@topsy.com,Paula,Greneham
7c03861d-62b0-4381-b4a9-52719e095892,bwinger6d@businesswire.com,Beau,Winger
a54bd303-298e-417d-b43a-01a2bbcb2814,dblomfield6e@boston.com,Danita,Blomfield
838d5abd-72d7-440c-8d9b-16d0bc2b44d8,clondors6f@github.com,Carol,Londors
5883467f-be02-44e1-9de8-924cbbcc8c60,ebrea6g@vistaprint.com,Eduardo,Brea
3d8c6494-4f16-4944-81bc-7af783cf35c5,rmylechreest6h@com.com,Rob,Mylechreest
e05600ea-f25c-4ab7-960b-b790341ad386,okorpal6i@flickr.com,Ondrea,Korpal
55718280-bc8d-4e27-a5e7-4134b79b5078,csmeed6j@constantcontact.com,Christine,Smeed
f6c515e3-4b9d-4391-9986-e385e3e48b88,gbrealey6k@webmd.com,Glory,Brealey
95da2ffb-3091-4b08-8f67-04bdfa07a59c,rschimke6l@cafepress.com,Randall,Schimke
12c8b372-a6bc-4b75-9ec5-221e7516de78,bkemet6m@mapy.cz,Brier,Kemet
af68143e-38b7-4bc5-8d67-b67cbbc7d821,mdabels6n@hud.gov,Mei,Dabels
e0212c39-80c9-4b03-a02a-48dab61a3117,ccheasman6o@cam.ac.uk,Colleen,Cheasman
9aed5e4a-4b67-4b5d-beed-e3475e041fa8,dcauldwell6p@seesaa.net,Dorella,Cauldwell
28b949ab-1fc0-4502-8741-37171d507eee,ctollerfield6q@ebay.co.uk,Collen,Tollerfield
85dd03ae-8d16-4d05-a9e9-fdacf8ff3f47,lzwicker6r@icq.com,Lona,Zwicker
d57529b4-21b2-4d89-aa8c-8397bb1e4115,sfavelle6s@jugem.jp,Storm,Favelle
671ee383-34af-4c0c-89a4-30db8499af85,alamball6t@gravatar.com,Adrienne,Lamball
27202343-9cc3-4370-a5b4-0af5f2fb31ec,clongdon6u@wikia.com,Carroll,Longdon
e74ceacd-029b-423a-a2df-e7c23ca33f30,cdunkerly6v@wired.com,Carlota,Dunkerly
11a208a6-4a5d-4254-8c23-b0ea003ec7ed,hwarder6w@discuz.net,Hertha,Warder
eb1227d1-ef0f-43bd-aa95-e2732222a8bf,marbon6x@cafepress.com,Montague,Arbon
cffbd3c8-8a28-46db-8f54-1bbef184b765,fkembley6y@japanpost.jp,Frieda,Kembley
912a3d7d-67c2-47f9-b57d-af644c4e5c43,uskentelbery6z@google.de,Ulrich,Skentelbery
98dd714b-6deb-4ea9-a70c-0f960463bf28,bgreaser70@kickstarter.com,Britta,Greaser
14abedb4-7eeb-48ec-b082-89f420d8026f,ewalczynski71@harvard.edu,Ernesta,Walczynski
c0aac8b6-ed09-47d2-aa60-496cb59074c7,helderton72@oracle.com,Hansiain,Elderton
f8618a98-fb62-4b35-881b-987f80be517c,manstie73@independent.co.uk,Meaghan,Anstie
d125dc5a-c42a-4bd0-bda2-8b3cc011b67e,dwinterson74@time.com,Desiri,Winterson
776d04be-d8e0-4cf2-a89b-497def75b74f,dszymonowicz75@unicef.org,David,Szymonowicz
0323cf63-bc37-4591-a2b0-517e160d30ff,corts76@bloglines.com,Cybil,Orts
da246dc0-421a-4fbf-a92e-d5eaec0ac4a0,hwilkenson77@hp.com,Hugibert,Wilkenson
e75cca23-0e75-40f8-8ad7-6287aaea39c0,aabreheart78@google.ru,Alfy,Abreheart
a3458111-5a51-4a7c-88a8-83eeef189709,emiddup79@thetimes.co.uk,Emilee,Middup
9d3477b8-9268-4fbc-948e-1ce5b1389648,kgritton7a@ning.com,Kelvin,Gritton
13f2c9ae-701b-4b17-8d8a-1bec9969d72b,gcadore7b@ucoz.ru,Gardiner,Cadore
630e90fd-8bad-4159-989d-b25ae6709b51,zbernat7c@wunderground.com,Zena,Bernat
dc5939a8-3bee-4c44-8e96-202d37bddfad,agillow7d@dyndns.org,Adah,Gillow
a9b90c77-1fe0-4416-8558-b641826b591c,tdagostini7e@amazon.de,Tannie,D'Agostini
a8e0d3d8-3e49-4adb-9a21-7fa1fae837f5,taveray7f@nifty.com,Toddie,Averay
467e6a2d-280f-4682-b3f5-452dcbb3a944,bbizley7g@un.org,Brynn,Bizley
17058549-5ea6-4bd0-9b3b-0dc4cddb92d2,tmawdsley7h@yellowbook.com,Theodora,Mawdsley
1c1a31aa-30d2-4696-81d6-1651b753b074,moiseau7i@nba.com,Marshall,Oiseau
ca21cb99-d8cf-435b-b10c-178cac306574,chebbron7j@multiply.com,Chrissy,Hebbron
928f01ad-7c3d-43ca-ba9d-aaca2f1adee7,ppendry7k@goodreads.com,Paxon,Pendry
9510b58b-0028-4cf5-a641-2d6f7c7ed0d7,pcorns7l@facebook.com,Pavla,Corns
714e8fe5-f22f-4f25-a79a-12a8a019cedb,sgrosvener7m@yolasite.com,Sanderson,Grosvener
b8474c1e-4c76-4e47-8504-d92d84b2b3a2,bcuffe7n@loc.gov,Brien,Cuffe
f95c2680-e8ea-4d8b-814e-8ae774696b1b,wmackegg7o@goodreads.com,Wendi,MacKegg
a1d54684-1f57-4a44-95a2-c428cb2bf62f,echazotte7p@last.fm,Ernest,Chazotte
77531fe1-fd72-483a-b3c1-d6f78f5f1edb,gbompas7q@businessinsider.com,Georgi,Bompas
0b09fa14-bd18-402e-bb11-69394eb76e09,nhalesworth7r@netscape.com,Nicolina,Halesworth
957f6c12-8fa4-4dfa-8609-97fa9ac97b14,mjanecek7s@odnoklassniki.ru,Marcie,Janecek
7ca2cc7f-87d5-4e5c-bb83-9524ba6b5b93,cborsnall7t@unc.edu,Corty,Borsnall
a5a7dcd7-91df-4d66-9660-b17b5239c558,amillmoe7u@lycos.com,Aluino,Millmoe
6a1115f8-d753-496b-9f3a-7bcd8a74594d,hmclarens7v@imgur.com,Hansiain,McLarens
b23ff9bd-2127-4b54-a18d-5e1ca82c6f7a,sgartan7w@flickr.com,Sander,Gartan
e80c5f34-ab83-4bbb-9937-f7e3f5b0e9c7,gparnham7x@dell.com,Geoffry,Parnham
62e3388c-67ca-41c0-8a69-0dd2a433b1db,sbernadot7y@timesonline.co.uk,Selig,Bernadot
e34c1b04-9ba0-4713-9a2f-15742ca76cb9,klandes7z@alibaba.com,Kimberlee,Landes
b6b12e37-90db-45c5-b7b6-bf773f795c8d,mknock80@cpanel.net,Maximo,Knock
04a24105-a085-4dea-bfaf-54bdf7c8832f,bretallack81@ed.gov,Bondie,Retallack
23926859-ce58-4601-9a93-7654b852c9e3,jthackeray82@google.ca,Jacques,Thackeray
ff8bcfbe-5175-43dc-b7e2-3c57de40a23c,cconey83@berkeley.edu,Cammy,Coney
8a230d5e-8d69-476f-aefe-7b7f11d85ee3,lnanelli84@dyndns.org,Laraine,Nanelli
0d5166e5-aafe-4169-9c20-36ecd4adc60a,kspeers85@state.tx.us,Kelcey,Speers
074f7e2e-3474-418f-97dd-1e28630f6a73,sbeveredge86@wp.com,Shadow,Beveredge
755a5a05-13a6-453d-b4b1-99d7185fcd44,nsimison87@google.com.au,Nettie,Simison
4f6ab421-bcdc-4358-b7e9-3b546ca56b3e,gburchess88@dedecms.com,Grantley,Burchess
059b9815-1850-42d6-897d-814b19c6c49b,tyegorovnin89@independent.co.uk,Tracy,Yegorovnin
32c27f6c-0ae1-4912-a487-6d165b42e64a,dlavigne8a@google.pl,Delano,Lavigne
290af888-dabc-4bf0-abfc-e414587ced36,ljenkin8b@vinaora.com,Lolita,Jenkin
ae8530be-353a-40ae-931a-6e4b7c978db8,dbarchrameev8c@storify.com,Daphne,Barchrameev
f3b81f1b-a779-454e-975a-d4b2486d5869,apridgeon8d@toplist.cz,Ammamaria,Pridgeon
3ce8fa2d-6dcb-47e7-ab8a-baf734302265,eafield8e@fema.gov,Estrella,A'field
0c9afc2e-369f-45c3-90d0-f29a4f716e8c,mcornewell8f@cmu.edu,Mirella,Cornewell
12ebd9ed-1fdb-443c-9dc2-9361f7a8337c,wfairfull8g@ox.ac.uk,Waylon,Fairfull
44dbe62e-7a15-4acf-896a-778cfd89d36b,ssalvin8h@yelp.com,Stephanus,Salvin
30952933-a688-4cc4-877c-03e178b39a48,tdiche8i@pcworld.com,Tailor,Diche
9f4d6b2c-8a3f-4196-b793-30a6e4119df4,rizard8j@vinaora.com,Ricardo,Izard
84bead17-9696-4940-b947-1d1e55177069,everni8k@unblog.fr,Elmo,Verni
8f93d0e6-3b39-4e4b-9298-be3e6623ecce,tgerasch8l@cnet.com,Trey,Gerasch
03094720-a015-4e6d-8877-9c4b1e8cb1cc,mcollingworth8m@symantec.com,Maia,Collingworth
2e6d8bc4-f332-4ecb-b2a8-594fb28752a3,bpollack8n@over-blog.com,Brandice,Pollack
5afc6cb7-0c7a-4d56-ba08-4ab3529ee1c6,anisard8o@istockphoto.com,Arleta,Nisard
8af0c9d8-4837-4605-837e-e8a2a2efce29,wraggett8p@nature.com,Walt,Raggett
e97b1ebb-bb13-4e15-b6b4-f4ce9beb208f,cgockelen8q@cisco.com,Christian,Gockelen
34b59ae5-8ff5-47de-be8e-5f9b92efe4cd,aserchwell8r@cdc.gov,Aeriell,Serchwell
e6b06fba-35bf-4262-914f-eec123a1cc28,cskellern8s@usatoday.com,Camellia,Skellern
3569917d-fa74-46bf-bd72-a1717748cd73,nlear8t@eventbrite.com,Nelli,Lear
b95d3bdc-7dec-4991-b85b-19c992064638,nmacgowan8u@shutterfly.com,Neile,MacGowan
e406acd9-1bd3-461c-88b2-74e3b6c53be2,jjirek8v@state.gov,Johnna,Jirek
467accde-b1fa-4143-9019-263e42075d48,ptetsall8w@youtube.com,Pierette,Tetsall
70abd066-924a-4b98-8d10-0b0bbb72702c,arickcord8x@amazon.de,Albertine,Rickcord
2d3d140f-6248-4575-ac9a-ee2aeaf6a60e,aharrismith8y@illinois.edu,Amii,Harrismith
dc3ae475-f3a5-42bd-8b49-4ab8d67e3412,dmallen8z@devhub.com,Dane,Mallen
c4318f19-5843-466d-aefa-b7c7a0e911a0,cparish90@vimeo.com,Caesar,Parish
414e09c4-8f23-4a70-803a-e4391138ab08,easpland91@csmonitor.com,Eliot,Aspland
f0aa626e-984e-4994-bcb4-e00af731dea7,cfullerlove92@sun.com,Cosimo,Fullerlove
5f99bd3d-d23a-4b36-8117-a47298e3af3f,wvawton93@adobe.com,Wakefield,Vawton
348c3709-eeae-4af9-81ad-1a4d9f64d101,dtroucher94@howstuffworks.com,Dierdre,Troucher
13189795-200c-4dfa-bf84-17941322ec3c,tquirk95@nba.com,Thornie,Quirk
aca60609-f428-442e-8122-867345f99010,mbarczynski96@google.co.uk,Marco,Barczynski
80a8475a-6189-42de-853e-344b53e70e26,aupwood97@home.pl,Allyson,Upwood
73fbc96f-f2bf-460d-8b7c-d7be21a6e02a,psturdey98@tmall.com,Philomena,Sturdey
f7d22d67-7ba1-4337-9c55-7869d29aff5c,arosterne99@csmonitor.com,Abramo,Rosterne
46bee1e5-7046-47b0-9ecf-406fea557c67,fkleinber9a@netlog.com,Farrell,Kleinber
66920fc6-892e-4204-94a2-fa56816c6469,seisikowitch9b@addtoany.com,Skipton,Eisikowitch
3115cda0-1990-4142-a034-8fac864b4808,idelgado9c@blogger.com,Ilaire,Delgado
4f7cc5b6-d1b1-47ca-9b35-4908bdc97fed,wphythian9d@ed.gov,Winnie,Phythian
cd1cb8f3-0f88-483d-bae2-c04f5698aaae,lsetford9e@ted.com,Leshia,Setford
456e2ccf-0428-4b17-90da-514ef37eb2a7,hmetheringham9f@si.edu,Hortense,Metheringham
b0de4908-1d93-4187-9a7e-bbcb9f9ca41f,msmooth9g@ow.ly,Mohandis,Smooth
17c026ae-89bc-444c-aaf7-2e97a8f2eb7a,kbreward9h@unicef.org,Kellina,Breward
a4878b73-6a60-4ba1-8665-8719027aa2c4,rnorcock9i@netlog.com,Red,Norcock
78f9b11e-d19f-4dc6-9d1c-d7a5f5198719,fdiamant9j@census.gov,Fidelio,Diamant
5abb4855-9604-4751-b0d6-56559b1d4f31,hsomerfield9k@biglobe.ne.jp,Horton,Somerfield
d7941a84-b7c9-4007-b5d2-3f2657b066a2,kpetkovic9l@nationalgeographic.com,Kerry,Petkovic
b3b0d6ad-b6ad-4e50-af03-7a28c0695aac,credley9m@ebay.com,Cassie,Redley
d7f921d0-5a47-4d53-8f79-b98ed30f3968,pmacteague9n@cbc.ca,Pamela,MacTeague
855e7bf2-e66f-46de-b864-e6b807cc9cdb,bhairsine9o@about.me,Benn,Hairsine
f20a7e0f-50d0-40ab-9483-cca1b7e98cd6,flangstone9p@smh.com.au,Fanya,Langstone
860992ef-cfa5-4eb8-8d7d-2aa85816811b,gkirkman9q@loc.gov,Guido,Kirkman
b1f8cebe-972c-4727-a34e-b62172887b11,sbarens9r@flickr.com,Stuart,Barens
269bda7c-4a9d-4cbe-a9b3-b9fcb33165ba,jalderton9s@wikispaces.com,Jennine,Alderton
85c3df0c-21ba-4582-b749-17a445b99aed,oyegorchenkov9t@google.it,Olva,Yegorchenkov
f50d9598-3733-4329-9abe-448b552eafff,jwidmoor9u@columbia.edu,Jeniffer,Widmoor
27fe2caa-37f8-49d9-b6c5-40a8b5eaed6c,fveysey9v@quantcast.com,Faustine,Veysey
d4fa6d2b-ed8b-4177-aea0-f44c23d5b4fb,emeiningen9w@time.com,Elora,Meiningen
665a0b97-e4d9-402f-9e4a-f8ecc1b38b79,mwittrington9x@hexun.com,Mervin,Wittrington
a66436d3-7179-43ec-9d8e-8cc318de6b61,cdalesio9y@godaddy.com,Cornell,D'Alesio
91fbaa76-00ac-4be8-b805-c8855256b3f1,kyerill9z@cloudflare.com,Kippy,Yerill
9fdd448e-5903-4811-9f31-62b14069ab78,kallchornea0@huffingtonpost.com,Katine,Allchorne
d0e4f0ae-fa2c-4a09-af84-eaba03022be1,dexcella1@boston.com,Daffy,Excell
efb7a3b5-9b61-44e8-9002-14324c1e339b,cmackilla2@com.com,Clay,MacKill
e7bacc67-65ec-4258-84da-c6ef0f9ca6e1,knanninia3@google.de,Kingsley,Nannini
9ded5a4d-6024-4508-86f4-04fd9e673b97,cmarnsa4@livejournal.com,Cazzie,Marns
345f1907-09a3-447a-9b51-be4dc2f4d8ab,rpfeiffera5@seesaa.net,Raina,Pfeiffer
c8281af2-f070-45ab-bac9-b7f2e5dd6c08,cmanuauda6@wired.com,Chelsae,Manuaud
e57762b7-bd0a-4a88-bfbb-863f326aba1f,rludwella7@1688.com,Red,Ludwell
fa0f008c-bccf-4916-99c7-2115558f3d7c,jmarvelleya8@mayoclinic.com,Jolene,Marvelley
22ecb0b9-9880-4053-97e5-7157d05c37d1,adecarloa9@merriam-webster.com,Anabel,De Carlo
cc5620b2-014e-4076-a889-f73614c29326,kstivenaa@friendfeed.com,Klarrisa,Stiven
f051b13f-1934-4050-aaca-cb7136f75f47,dnuschaab@github.io,Debora,Nuscha
19e7f271-f819-4265-b562-b03f509b1be1,ubuttgowac@prlog.org,Ugo,Butt Gow
e0da0c42-72f8-42f5-8847-7dc51b8c3d57,ltaschad@techcrunch.com,Linnell,Tasch
23339242-286c-4e86-9dab-0b2cc0004150,eshouldersae@cafepress.com,Early,Shoulders
9913b64d-24fa-4256-b1e2-7ebc985800da,neinchcombeaf@nationalgeographic.com,Nalani,Einchcombe
0714aaa3-1717-452a-8708-575cbd3431f7,pdinnageag@skyrock.com,Patricio,Dinnage
2da04e2e-56a9-4acd-8b2f-96d7cebd6c1c,pfundellah@netlog.com,Pammi,Fundell
5d47d749-d07a-455c-9bf7-db6d005181cf,dmanvellai@marriott.com,Donnamarie,Manvell
937a05ef-116e-4855-a777-b68e54e6a59e,seccottaj@wsj.com,Shaina,Eccott
9c8344d4-8600-4387-98e7-1f79b8d7f3d1,mebbingak@sciencedirect.com,Melessa,Ebbing
c5701797-fe48-401b-8fbc-d6b38a3b8a74,bivashintsoval@google.com.br,Benito,Ivashintsov
e937ebba-52a9-4d64-bfa5-4b1efe4d4033,jdraaismaam@ezinearticles.com,Joyann,Draaisma
e42ab327-7ea6-44f0-9c66-24cf03f6a0cc,dsparshattan@youtu.be,Darelle,Sparshatt
e876c0e4-3497-497b-882a-f59651a7afff,byaldenao@ucoz.com,Bordy,Yalden
f56c2b5b-0294-4838-a368-be90c0b5f1e2,ntingleap@google.com,Nike,Tingle
97449bef-ab80-4bf8-a83a-9750cff6815d,wargabriteaq@sun.com,Willdon,Argabrite
c844b1cd-da2a-47eb-855c-60130ad120c8,abrashierar@hibu.com,Aimee,Brashier
ff075579-dcc4-41ff-8dd4-6f1e1eefb2e7,cswannieas@auda.org.au,Charlene,Swannie
61ce7258-3d85-4ad2-939f-cf8fa7dadea2,jklaiserat@myspace.com,Jakob,Klaiser
8fba76b7-a61d-4885-8858-e7c6800713bd,sheijnenau@homestead.com,Sollie,Heijnen
ba47065e-de45-4219-beb2-9b1f2e2695aa,mabrahamsav@topsy.com,Michelle,Abrahams
4ea5e165-b353-4df5-b364-0d7fe923282b,mwellenaw@geocities.com,Maryjane,Wellen
79bd165e-71fa-4850-8f6d-c75c517199a7,sswateridgeax@4shared.com,Shae,Swateridge
be19a586-5f06-49c7-b55c-43b770a698d8,mhumanay@twitpic.com,Merle,Human
02d6ee3b-1b5c-42b8-91e1-2e131561ba1b,bdeethaz@stanford.edu,Brandy,Deeth
2f31ca6d-ecf5-4189-b2b0-5cf3178f08da,pmcgeffenb0@joomla.org,Pattie,McGeffen
ad08a346-959f-4f72-b462-ecc7544d6263,rbischopb1@cam.ac.uk,Rufus,Bischop
27fec328-3dcc-48e9-8a38-ef6b883ebbb2,dgallandersb2@arizona.edu,Davina,Gallanders
18a076d5-563b-4f0b-b0f9-6f3c062879e7,kshaxbyb3@rambler.ru,Katrina,Shaxby
d4643937-f5b3-479c-8e75-db31bb31e670,ftampinb4@live.com,Filmer,Tampin
7c726613-b0b6-43b2-98bb-51e02534f4a4,nstellinob5@csmonitor.com,Nance,Stellino
25b31eb5-86a4-4721-95cb-cefac3a18e56,tdundridgeb6@ucla.edu,Timofei,Dundridge
243904be-811c-4d23-9b86-63489586dca1,aabbayb7@example.com,Abby,Abbay
5ec87bc5-d466-4e9c-9790-d99e52bbef4d,erounsefellb8@mysql.com,Everard,Rounsefell
f112edd0-ca0b-4bcf-9c37-5048e2bee1ba,tbeamondb9@comsenz.com,Tove,Beamond
55d333b8-b2af-4bd1-8c56-59d9ec87f011,rpullmanba@ovh.net,Rayna,Pullman
6a7dacad-5c04-482b-9ab9-67cd27e7ce7e,shammerbergbb@skype.com,Silvano,Hammerberg
854aaaff-6044-4797-84a0-b989a19fd2ea,msestonbc@china.com.cn,Martynne,Seston
a2094ba7-0ce9-4d58-af13-e3e0de1b667a,pwarnerbd@marriott.com,Penrod,Warner
a2592341-91ac-4886-9d6a-9774ff80601f,tstannettbe@prlog.org,Tanya,Stannett
9b2d8066-380d-4627-9d17-0399b4d66f20,mhynardbf@telegraph.co.uk,Merola,Hynard
5c0fab8d-bf46-4a7e-b35b-bd87663fa30f,hsuttonbg@typepad.com,Hollyanne,Sutton
9ea6132f-488f-4246-9fef-7c13980ae1f1,igergoletbh@google.com,Ibby,Gergolet
17cd27a7-098f-40ad-b27b-aeb2e517d3a1,zblinderbi@comsenz.com,Zola,Blinder
65c494d3-9214-4cc7-a2b5-94dae9a10a14,kwooffittbj@npr.org,Kahlil,Wooffitt
e0663857-aa57-440d-84f5-5d5a596ea792,xsalebk@techcrunch.com,Ximenes,Sale
1bf66ba0-c0e5-4044-86ac-58afe7912f7c,ecoulsenbl@meetup.com,Evanne,Coulsen
4ce9088e-3188-4aae-81c8-0f2d93b8570c,ajonczykbm@prlog.org,Abbye,Jonczyk
d7d28d0c-cb65-4dff-bca0-132ea6a81b6d,ahuotbn@yellowbook.com,Alphonso,Huot
4a841103-9ef9-464d-93bd-bc660f38b54c,ycasellabo@fc2.com,Yvor,Casella
b4380755-fc94-4140-b323-b271302fdf12,ucordetbp@springer.com,Ula,Cordet
95574cd3-6960-42e5-af53-422245f8b0c0,cmacnaughtonbq@intel.com,Courtnay,MacNaughton
97d913fa-ef79-4fb2-b79d-2cb02d44687f,nspurierbr@cnn.com,Nolly,Spurier
da29abee-ffeb-4cff-a1cf-0cc5b7c5d7b1,astalmanbs@goo.gl,Arnuad,Stalman
6b37dccb-c5cb-4318-8cdc-d68b85a42e27,dtewkesberrybt@ibm.com,Davis,Tewkesberry
a190897d-e298-455a-9ec2-d82a48a0a746,jgoldsbybu@ucsd.edu,Jarred,Goldsby
af2eb6c4-4694-40c3-b775-4fcefad1f4d8,kfulkesbv@state.tx.us,Kathe,Fulkes
cfe48a63-d3cb-4e75-ba19-45440c089fac,amulhallbw@arizona.edu,Adaline,Mulhall
6bbc6451-794b-4d43-9e2a-75dafdedaae7,dmckeowonbx@fda.gov,Drake,McKeowon
fd5253cd-9c13-447f-bbc6-00d849cd9b29,mbevesby@weibo.com,Mychal,Beves
c4ad54fb-c29b-4914-904e-230e6b08edab,alockartbz@hhs.gov,Ambrosi,Lockart
0d6e923b-5c55-4c9f-aed3-015a1c91e38e,zvalancec0@xing.com,Zebulen,Valance
b3514752-19ee-47b4-98f6-584c16ef5fb6,asemperc1@hc360.com,Avril,Semper
054b442e-2851-4984-a9ff-6e8edec8202f,sphilimorec2@mashable.com,Sofie,Philimore
814d296b-55a2-4e18-9874-6b462bedd10d,bberrisfordc3@eepurl.com,Boyd,Berrisford
c6d200f9-19fe-4d0c-92c1-f5d6ba0a79b2,icollisonc4@irs.gov,Ida,Collison
4a0c0b8f-6c73-425b-8b94-0b6467719e71,dworledgec5@cdbaby.com,Dotty,Worledge
2f186cd6-5cb0-4759-b8ec-57f3dca8c01f,ppurvissc6@mapquest.com,Pauly,Purviss
725b6429-274e-42af-a6fc-76d8f02cd638,kbridewellc7@slideshare.net,Kym,Bridewell
1f8b375e-635e-49e5-acd0-3515f35cea3a,ofenderc8@jugem.jp,Oby,Fender
85e3aedd-c36f-4c60-895a-7fd5817eaa2d,bbrakewellc9@hc360.com,Brenda,Brakewell
d2fa4b0a-dae9-4bb5-9ae4-af60ce94e2b1,rodlinca@tinypic.com,Rubetta,Odlin
f9639cad-4597-4ef8-94da-86371bf10d1c,npowderhamcb@friendfeed.com,Nerissa,Powderham
dc784087-7a04-481a-bf93-a3c7984a27be,lbrothwellcc@example.com,Lynn,Brothwell
d78b4f0d-efe8-40c9-bc88-3cf6dee1618a,dtuffincd@un.org,Durante,Tuffin
babb0cea-9b47-4cf4-9b35-f0f85c15494a,glambdince@mac.com,Gauthier,Lambdin
a904a5ea-9983-42d1-a197-ba80cc9d69e5,dgrouvelcf@t-online.de,Dalis,Grouvel
a42de2c3-e86a-4ca0-b151-7b17d14289a3,cattenbrowcg@cdbaby.com,Conni,Attenbrow
f3689696-9fff-45c3-8975-07fd49216004,cpighillsch@reference.com,Cchaddie,Pighills
ea0a0f32-0518-4ef1-b640-c669f3153925,lbearci@bloomberg.com,Lacey,Bear
2910255d-a49e-4757-b129-2ea99970414a,mdorrinscj@twitter.com,Millicent,Dorrins
309bf1e4-1a61-45d5-b9fb-6e8a9b8e17ac,tlinturnck@shareasale.com,Thekla,Linturn
0a3e2d6e-6e97-4c8e-8530-7c39a5de7c2e,cgrishanincl@epa.gov,Cindelyn,Grishanin
517ce943-8f52-4572-b648-0ece30fb461c,svarleycm@java.com,Saloma,Varley
0efc4df9-cafd-4214-b1e2-0246f7ef698d,jclemoncn@ftc.gov,Jeane,Clemon
c88379a3-889c-4f7c-a835-d754f951a922,eshevillco@tumblr.com,Ernaline,Shevill
721dc3ea-2ccd-455f-a36e-55fa10296917,mtremolletcp@rediff.com,Modestia,Tremollet
06b8dc5c-4bbe-465b-bf5b-6cc35c37f106,cprescotecq@washingtonpost.com,Carmine,Prescote
32d0ad33-8188-4b73-b128-db775ffd700e,ycadogancr@addthis.com,Yuri,Cadogan
cf3cbc39-93b6-4156-9ba9-d9bf627cd493,nabramcs@cbslocal.com,Nikolas,Abram
16816768-2515-4353-b6d8-ae3765e26c88,abrodyct@ameblo.jp,Aldis,Brody
85bfdcc3-a45e-4d1c-aee3-9baef1c76b79,djoselovitchcu@google.it,Dugald,Joselovitch
67fbf0f6-c427-4891-ae00-c1d4156e72e2,scarletoncv@ning.com,Stavros,Carleton
31ac00c9-bd97-444d-b882-de8476cc4c31,frowatcw@goo.ne.jp,Fannie,Rowat
3d0c4671-94be-4648-9eb5-3ddfc0d96164,mdanielecx@irs.gov,Manny,Daniele
07c09e12-33e3-48c9-9099-da9fa5027498,djolliecy@shop-pro.jp,Darleen,Jollie
72c6a033-4e72-4680-be9f-490474341d8e,efelloscz@dedecms.com,Ermentrude,Fellos
d77e84c9-6205-458c-889a-cba62b58d9af,cadind0@istockphoto.com,Cristiano,Adin
af8ec4b2-2d2a-4dbe-8906-f953dca2532b,dtebbetd1@themeforest.net,Dulcea,Tebbet
f6a78181-d744-4ff6-b4ca-d656211eed4b,ktobind2@symantec.com,Kendal,Tobin
261a33ec-45cf-4123-914d-74a4bb00b6a8,tchineryd3@wp.com,Theresa,Chinery
7bca6de5-399e-452d-831f-32c02708200e,dpoundfordd4@earthlink.net,Dun,Poundford
230afda2-65b4-4d1f-ba73-c4585aee198d,kwilced5@tinyurl.com,Kareem,Wilce
bd868cd1-bdf0-403b-9050-b6b91585a329,mbelbind6@is.gd,Melony,Belbin
f841ca8d-41a3-48e8-8e8a-d58015247988,hwinkd7@twitpic.com,Heall,Wink
2c9ea06d-1f3e-45a7-aad7-0980c3444551,fasquithd8@nsw.gov.au,Flor,Asquith
7ffc9806-38ef-48af-9bba-4d4c5a518828,ianthoneyd9@army.mil,Idalia,Anthoney
19a08b20-e7ca-406c-a91b-c32885fac7c5,nfarringtonda@bloglines.com,Nobe,Farrington
93873aa0-eaed-467f-becc-fd10110312c0,abaudetdb@bluehost.com,Ardelis,Baudet
eb661e57-78ed-49ec-ad87-b0bf0c646391,bhouldeydc@google.com.au,Barnabe,Houldey
a4c5392b-e5eb-4379-b51e-cc80b27a8f12,sselvesterdd@nationalgeographic.com,Shane,Selvester
be855d61-1889-48d7-b303-cc60f5b25ad4,gscaliade@chron.com,Gail,Scalia
1c2dcde1-93f3-4869-9f9a-49e1fe85b339,zrozeadf@forbes.com,Zandra,Rozea
b517acb0-5111-4475-833c-35e6250d7ebd,gjoutapaviciusdg@forbes.com,Geoffry,Joutapavicius
75bf3fd8-4cd0-493a-9dc6-d3e2dca5b4b1,dkenwrightdh@uol.com.br,Dianemarie,Kenwright
1ce7c645-06d3-403e-b78e-438cfc57976c,ogasnolldi@123-reg.co.uk,Ora,Gasnoll
9ef74fa8-5788-4129-93d5-f60fba2b0573,alawrencedj@studiopress.com,Adela,Lawrence
4a78100d-1f02-461a-9bc3-4bb9e9fa2f3e,btwelvedk@bbb.org,Barbi,Twelve
2684e19c-4d58-4be7-ae08-be7ea1284db6,adebiasiodl@yahoo.com,Amity,De Biasio
ae180a52-9ffb-4acd-b01d-777c0782c4bb,lhaughtondm@google.nl,Lovell,Haughton
118c173b-1e5b-49da-8d03-6fa7d55a7271,rcavilledn@zimbio.com,Regina,Caville
13b3e559-21cb-48b3-90d9-23440920263c,mfaugheydo@fastcompany.com,Magnum,Faughey
08aa528b-72e0-4404-a700-cf3bc01e925c,sstillertdp@fastcompany.com,Sergeant,Stillert
6da14a21-d115-4d06-9f7f-f3c7e940f323,cbeadledq@si.edu,Cassaundra,Beadle
a3c6c488-5372-422d-a2cd-50d7c29f9edd,dburnelldr@jigsy.com,Devlen,Burnell
fb1c4115-c83d-46fe-bfd5-6c104bc07c5b,naubinds@google.com.br,Neilla,Aubin
d514c7a8-99d5-4466-bfe4-70f9983010e9,cwassondt@addtoany.com,Constantina,Wasson
257b0691-d86b-4167-9360-716af1d9ae12,dsurgeydu@bbb.org,Darrelle,Surgey
21b70f5f-e3ce-4133-acd0-85ddf0d9dc4a,jkollachdv@cmu.edu,Joe,Kollach
c0d809ce-54a2-4765-8944-94f7b2d88092,gjilkesdw@wikispaces.com,George,Jilkes
9655ca2f-8ebc-42c2-b182-da650bc0f20a,jstledgerdx@rakuten.co.jp,Jamal,St. Ledger
5b960ca5-c674-4df6-bfa7-606f46424313,gcullumdy@so-net.ne.jp,Gale,Cullum
8dd0e83b-aa04-4d84-8a50-c357fce7aa24,amacgillivraydz@blogspot.com,Alberta,MacGillivray
820f469c-4aa8-46b7-b5dc-a551608dd006,ctomashove0@gravatar.com,Christoforo,Tomashov
e0973999-4820-4775-997a-dafc358c62b1,cfreynee1@gnu.org,Corrinne,Freyne
f45d4cf4-5dbd-49da-8460-c1e5eb70fd86,myurove2@salon.com,Mycah,Yurov
b2243aff-87c5-4dad-aff4-b25942879646,mlummasanae3@pbs.org,Maddalena,Lummasana
843806d2-d737-46c5-9caf-8758dec89755,econmane4@csmonitor.com,Elbertine,Conman
5ea02341-a3b1-464f-832b-d6a4badfc98b,mtomaschkee5@gravatar.com,Mackenzie,Tomaschke
fcc71ec6-b71a-4db9-b613-c3db5e450d34,jgilardie6@blogspot.com,Jilly,Gilardi
a8add02f-5601-48d8-a042-41a1e7b2798e,lmurrhardte7@macromedia.com,Leonanie,Murrhardt
5b639b79-6140-455c-a078-a1fbbb4dfee6,zgynnie8@lycos.com,Zaccaria,Gynni
15a4ad96-e7f6-49a7-adda-ce81cb189031,aharrilde9@bing.com,Amalle,Harrild
154a15c7-2b58-4ea7-a47a-85882c84f124,wgrabehamea@dagondesign.com,Welby,Grabeham
c73bb308-4b63-4852-87a5-5d284a52a812,cbrunningeb@sakura.ne.jp,Cherilynn,Brunning
624cc36a-6705-44cf-9d68-4d01cfe602e3,fdickonsec@aboutads.info,Fianna,Dickons
bc6a5b04-8e91-418f-8c15-fc6353642052,egribbelled@state.gov,Ellary,Gribbell
f1cb35bf-3b72-4139-a6ae-de8a5de165c1,avalentinettiee@people.com.cn,Andrey,Valentinetti
34c9cabe-e7d3-4c96-bdb5-161995280ec8,mbennettsef@timesonline.co.uk,Mariette,Bennetts
8fa064d9-ceed-41ce-8acc-e7c02efa4dd2,cgyppseg@prnewswire.com,Caitlin,Gypps
86e48f3e-d90e-45c1-9541-4e36f9b88885,ccottageeh@zimbio.com,Cody,Cottage
88003ec3-50ed-46ed-95c3-b45c5900b580,sescheei@google.es,Sadye,Esche
967364c7-ad23-482b-88b8-6fb56c559b21,mmoylerej@craigslist.org,Marlee,Moyler
4985967d-ec58-4e46-bcb1-b2d09f1172b3,mharborek@deviantart.com,Mattheus,Harbor
a61c25dd-cc9d-46d1-835c-743d36471062,ahebbardel@addtoany.com,Antonino,Hebbard
9a1ef3d1-a175-4990-b1fd-3e91341d0d99,mmartinelliem@google.nl,Miles,Martinelli
3fb89550-3de9-4958-bf2c-3306fcc413fe,drottgeren@nydailynews.com,Druci,Rottger
31aee8be-3ca9-4155-b41a-ae2c47cf6fc0,bkempstereo@soup.io,Bree,Kempster
a6feab72-5b22-4091-bbf5-46eaf6d5271e,pdeeproseep@ask.com,Pennie,Deeprose
5c449ea4-2c55-4c2a-9475-4ddd3e1ec40a,vloudeneq@pagesperso-orange.fr,Velma,Louden
4000b608-f2e7-4134-ba57-278319840875,bmaciejaker@vistaprint.com,Beatrix,Maciejak
ee714157-7273-4b59-bbbf-861f1ad88f0d,rgaites@is.gd,Rochette,Gait
488e1944-6e78-4b8a-a54d-4ba023c4b675,jdominicacciet@uiuc.edu,Janie,Dominicacci
d1e8d62d-d649-4bbe-bf8c-c27abbfb2298,ubleslieu@google.es,Ulrick,Blesli
a81fca0d-7b47-4d8b-8084-c7d3c533d50a,delesev@telegraph.co.uk,Debi,Eles
5509f6ca-6b4c-426d-98ed-eb2d66f84f8e,taymerew@storify.com,Tamiko,Aymer
66b39d4d-d02c-48ca-a585-1ed827fb36ed,atitchardex@sohu.com,Ada,Titchard
e254722d-4dc2-4947-b716-343b78f89134,gdenmeadey@goodreads.com,Gabriel,Denmead
b8f62ed7-10cc-4df4-8d20-448091672f86,areadwoodez@usgs.gov,Aleda,Readwood
16afbb3b-6207-47f9-af31-8a0615eec16e,tcrowchef0@cpanel.net,Thornton,Crowche
0702bc2d-a243-4159-8453-6b01e4100e4b,swashf1@moonfruit.com,Sibbie,Wash
ef0d4a1f-5421-4718-a3c8-a9ce3e477e5a,dizzattf2@cmu.edu,Deidre,Izzatt
4a0ad515-b5f4-45e1-834a-5ee1a74d56fb,msimeonef3@hud.gov,Mandi,Simeone
c1668187-8e34-4c8e-93ad-2263c417ea24,cshephardf4@163.com,Claudio,Shephard
7fda32c0-14ff-40bf-89c8-459c5070bf2f,sbeazef5@bluehost.com,Sancho,Beaze
b9d5a1bc-459b-4a39-8b1f-381101129f46,rdimmerf6@cocolog-nifty.com,Rakel,Dimmer
1ca4ba2f-bc69-4581-85ae-dcc0c650ab94,wjakoubf7@youtu.be,Wendel,Jakoub
14cd9dce-306b-4212-8e64-d2379ff4f344,lkingescotf8@ft.com,Laney,Kingescot
d0f7497a-bb53-4964-8ae0-ac65ccc82fad,twoodusf9@bing.com,Thekla,Woodus
bd5e78af-0282-440a-a87a-1fbc09c0c198,gseersfa@hatena.ne.jp,Georgie,Seers
d37c171f-3634-43a6-817d-12f11a198ec1,efeehilyfb@domainmarket.com,Euell,Feehily
6219ed1d-fe2a-4fee-914b-cf9047d06943,gsinefc@devhub.com,Greggory,Sine
67811ec3-7047-4dcf-a933-0fa0b2a9c8d7,lbreznovicfd@google.com,Lucien,Breznovic
1e4c2463-f6ee-4975-8b96-5dc5ead8060e,tcolthardfe@mit.edu,Timmi,Colthard
b4a16d30-96c9-417d-a797-f2d40ea85c9c,lneveff@spiegel.de,Loralie,Neve
f1bfaba1-7bce-43ef-afc3-7f5152e38a98,nbennsfg@wikia.com,Ninetta,Benns
38952a4e-827c-474a-aa32-6e227602e508,aharbyfh@vimeo.com,Alysia,Harby
113c12e0-ee93-4040-8ba7-fbb120753ded,cgilffillanfi@twitpic.com,Chiquita,Gilffillan
81b10d55-5d27-4dfc-bfd7-82cbb80265c0,dcobbledfj@sciencedaily.com,Demetre,Cobbled
0a83652d-41e8-4a75-8801-15f95458532d,dbeamishfk@eepurl.com,Donnie,Beamish
9decea89-e63b-44f7-b11c-019eb80e591d,igrumbridgefl@blogs.com,Inesita,Grumbridge
6625ccaa-463c-4daa-838d-77bc5b9aec6b,aduckelsfm@pen.io,Anthe,Duckels
acff5566-7d9c-4716-9cc9-7073c25bef7c,msteinerfn@sciencedaily.com,Marnie,Steiner
34f47197-3cd6-4d7f-8f9d-3248bc7b432b,kstancliffefo@nytimes.com,Kiele,Stancliffe
a7a60df5-6610-4d3f-b375-e30a32118bec,gburboroughfp@google.com.br,Giacobo,Burborough
2b7c69dc-232f-4f02-8644-8047ed375aa0,ahearthfieldfq@weather.com,Adiana,Hearthfield
f714e43e-4f2d-42d0-9630-1b95ed202337,lmeindlfr@delicious.com,Lavinia,Meindl
c477de92-8f6b-4515-ae8c-6e4289ad812b,darcasefs@studiopress.com,Darleen,Arcase
d8f15dac-bd4c-4083-b313-30059c6f3692,igaifordft@va.gov,Ilka,Gaiford
5bc7f098-cba7-4058-b386-4b44b0cf152b,nkockfu@cnet.com,Neville,Kock
62bbf8ad-9d8e-4ad6-adeb-c6e5abbb24e9,vgimletfv@taobao.com,Vivian,Gimlet
5152f629-1c10-40e7-9010-bf790443652b,alawtherfw@shutterfly.com,Aubry,Lawther
078496c0-67ad-468e-b6c5-73c07ecf6d25,bcicconefx@webs.com,Barbee,Ciccone
c87d6cd0-88e4-465b-bc5c-52d24bf5fc3b,echallinerfy@time.com,Erhart,Challiner
b87a5ef1-ba3c-4a08-a016-724be92a2ebe,owiddowsonfz@cbslocal.com,Ogden,Widdowson
15c2b182-ab35-4879-a977-47b6227862f0,hpatteng0@unc.edu,Hazlett,Patten
7093c430-325e-4565-bb02-db0c1b04caf4,adjurevicg1@slashdot.org,Augusto,Djurevic
50583487-1e5f-4372-9f29-bd4513ab8aed,gmclaneg2@sohu.com,Gus,McLane
149f7e48-6509-4e3e-ac27-bfbf9210a292,lfarfullg3@salon.com,Lynnett,Farfull
ba6919df-0c64-45a5-9aa7-9c40ab5c19bc,zjukesg4@wikimedia.org,Zahara,Jukes
668c16b8-7a97-4ed4-8f0d-a1d80c458fe7,nbeadleg5@cnet.com,Nance,Beadle
aeeaea40-7b02-49e4-95f3-aeb3e2f40705,ahutchcraftg6@weather.com,Austin,Hutchcraft
0983ead3-3063-4181-8b69-5242e73c873c,ddallawayg7@amazon.de,Dud,Dallaway
cbe3bf03-019a-4f8c-8ac4-427da75426e2,wcescottig8@pbs.org,Worthy,Cescotti
c7f002d0-b32e-415f-9ab7-91ab1622a052,sgilliong9@bbc.co.uk,Sonnie,Gillion
856606ab-5a00-45c5-a48d-d966838e0478,hhalmsga@oakley.com,Hortensia,Halms
9ae8a57e-4540-4657-b452-652b910a4727,nshillgb@google.es,Nestor,Shill
ee59e922-70d4-4af4-ad96-f0a0d5bd174a,bbudleighgc@chicagotribune.com,Brynne,Budleigh
7e40454e-0bef-48e8-9880-9606333235c1,cfreeburngd@census.gov,Cherilyn,Freeburn
e2839fc1-2df3-4598-9509-2111ef6cf3b3,atrathange@upenn.edu,Ashla,Trathan
83bae101-4405-4784-8a42-4333476d3896,khughlockgf@ehow.com,Konstantine,Hughlock
80f0ec30-ca44-4049-9a53-1aee4e6788ab,twettergg@fema.gov,Tani,Wetter
3bca8541-35bd-4404-9445-cf06f316b855,upichangh@webnode.com,Udell,Pichan
5910da40-e410-4dbb-ba68-5d158db3257a,slotegi@wsj.com,Shurwood,Lote
b72ca170-1ede-4f53-95ff-d21fa6282b2b,smaurogj@yandex.ru,Sib,Mauro
eed1778c-d29a-40d7-8df1-b0b7451177eb,ljoiregk@bloglovin.com,Lesly,Joire
5439e273-de51-40fa-bd75-f477c78e2f82,mtirreygl@tuttocitta.it,Madge,Tirrey
cc282e1e-5b90-4392-90e5-f4d83e90d0f3,trossboroughgm@abc.net.au,Teresa,Rossborough
39b3d612-d6b4-42b0-9a63-139bdcfa994d,dbettgn@about.com,Delphinia,Bett
c294b217-e0ea-4e44-a9c7-2ddeb6a5d509,gpudneygo@nytimes.com,Greta,Pudney
a92c7548-52d9-4779-8549-5eab5c8388c6,bquinnettegp@mit.edu,Barbara-anne,Quinnette
baf2154b-e701-42f8-bc7f-bb319783442e,rredmellgq@facebook.com,Ricki,Redmell
a8e07d3c-0ced-4bf1-b25f-67d50b9bd9b7,ebaynamgr@discovery.com,Elston,Baynam
96d644a1-dbaa-4c02-bd78-6c1a0590f131,pishamgs@wufoo.com,Patricia,Isham
99a8bd0a-9e37-447b-adda-6143cc2750bc,jhowdengt@uol.com.br,Jackie,Howden
158eab62-8d0d-404d-9295-5a6e8331b1ec,sbrettelgu@intel.com,Stacy,Brettel
1b3b6220-f269-4dc6-9dfd-cd78375f9b6c,ktanseygv@is.gd,Ken,Tansey
eb15e346-96af-4c62-9a37-fabc6abc5857,mjustungw@uiuc.edu,Mace,Justun
53c6cc3d-f2e2-4b2c-ba9f-0306f13923a9,schampkinsgx@mit.edu,Sibylla,Champkins
b4314515-9a74-43e7-9550-7b36e01bcf7b,btukelygy@bing.com,Belvia,Tukely
78e06b5d-1b97-47cd-9f66-917781232c83,dferreresgz@baidu.com,Delmore,Ferreres
88273f78-a2c7-42e9-adc8-23d85eb6f0c1,kblunsdenh0@nyu.edu,Karlens,Blunsden
0d221e1c-2687-4c51-8196-37cb15f1f299,okilgourh1@indiegogo.com,Olvan,Kilgour
4614f246-c4d2-4a84-a48f-34990aaa1ff2,gkiehneh2@quantcast.com,Gilberte,Kiehne
9de4f3b1-057f-4012-99d5-a8494ed501c6,tgammeth3@sakura.ne.jp,Tito,Gammet
d71a5c00-e37f-4c8e-8ea5-d3d4e5adb8d9,gsieneh4@php.net,Gretchen,Siene
acf119e2-629a-46aa-8cbd-64d680d9b722,gdroverh5@uiuc.edu,Giff,Drover
ea68885a-8adf-4507-b635-0c8b5890360e,ckesonh6@google.de,Cindy,Keson
600b3f55-6b9b-4d07-8787-ebe8707cc7b8,epealingh7@xing.com,Elvyn,Pealing
a13e0ef0-4be3-4be1-8f86-cc33b0ec0936,dgascoigneh8@npr.org,Deni,Gascoigne
e0de9f9c-4529-4f59-b98a-66882035b2c2,mwardhaughh9@fotki.com,Mabel,Wardhaugh
bd2a8bf5-398d-4ac3-ba13-6f1ad58af30b,cfreundha@symantec.com,Catie,Freund
e31fa05f-b630-499d-b754-f9bef8df4de2,kmapledoramhb@pinterest.com,Kennett,Mapledoram
bedee44d-e5d9-47af-860c-b4b4384f023f,bbullanhc@businessinsider.com,Buddie,Bullan
0ca54c44-2274-4334-8ce8-444d6d5892ee,hbottomhd@umich.edu,Helli,Bottom
d3c577ef-584f-4095-bef2-d2f19ae769f1,gofarrellhe@pen.io,Genevieve,O'Farrell
8fcb9119-0a6d-4056-97cc-964c33aa19b5,tsarginthf@buzzfeed.com,Tully,Sargint
4f76048b-fb54-43f9-adef-0392128ba1b0,awillmonthg@github.com,Aubert,Willmont
43b352c5-3c40-42f4-a67a-c6b7d8160243,nmcclymondhh@europa.eu,Neill,McClymond
1b36b68d-2dd8-4998-a167-89a7053b6880,hbarnfatherhi@howstuffworks.com,Hilary,Barnfather
89d4dd4b-bd39-4ced-be92-ccc49b2deb41,dchecchihj@desdev.cn,Donnie,Checchi
7e7aeda7-e04e-4713-b2e0-3f53ca78074c,jmcilriachhk@digg.com,Jobye,McIlriach
6a383d1c-1971-48f6-a799-42649a76ee98,edaglishhl@pbs.org,Enid,Daglish
2725d262-6d02-443f-b176-fd3d1be8d659,gblackerhm@blogger.com,Gerry,Blacker
ccd09391-952c-4912-851a-0b2156bb6b74,dporretthn@scribd.com,Dominique,Porrett
b2fc56f0-be6f-42e8-a7a2-980ba90daeb2,abroadistho@hud.gov,Augy,Broadist
75c0777e-bdb0-4649-9605-d80a14930fdd,tdeftiehp@etsy.com,Tonya,Deftie
78526fc0-7e1d-4c9b-ad7d-a5b029d3db99,kblanchardhq@barnesandnoble.com,Kristoforo,Blanchard
63a01f79-1a65-45c5-9717-8b6d73b191c5,amcterlaghhr@xrea.com,Ardelis,McTerlagh
abf736c7-ac50-49ba-b839-ebac87e65199,bpaulssonhs@umn.edu,Brandice,Paulsson
ff55618b-b7d9-4e37-82f6-b3024716bb13,jbedwellht@noaa.gov,Jackson,Bedwell
a140ce10-3dd0-42c5-9038-e276ff903c16,slandsberghu@addthis.com,Sherm,Landsberg
37c442da-a68f-41d0-82e5-b5eb34218a02,tstandevenhv@feedburner.com,Toddy,Standeven
ac23ff66-179c-4f69-aea5-051092bdac10,wseacombehw@gmpg.org,Wileen,Seacombe
c5642308-323a-47dd-b7ea-7a00e4770ce6,iwakehx@yandex.ru,Idalina,Wake
d7899f53-f71f-4226-bc5d-8e8be0a2d3d9,lkalfhy@globo.com,Luther,Kalf
884e6614-e649-463a-922f-d9ecdf7c37fa,dnewellhz@ehow.com,Dayle,Newell
a15e691b-ad81-4003-97a4-728883495c2a,cdennittsi0@diigo.com,Carmita,Dennitts
94efcf76-760b-45c3-8e5b-bde8c02a1343,ctailbyi1@alibaba.com,Cary,Tailby
e4da238d-9760-4cf4-87bb-1abb1e5529f6,ksellani2@amazonaws.com,Kikelia,Sellan
b0063a6a-589f-433c-bb44-32cd138480a9,mhannondi3@example.com,Maxy,Hannond
88a11cc2-1c60-4619-ac88-4f3cb6c032e4,raspreyi4@icio.us,Ronalda,Asprey
5ee5ac64-bea8-429c-85c0-ffea1688d767,bfrangletoni5@quantcast.com,Britte,Frangleton
45365468-90be-44f1-b483-2bd140772412,hpickworthi6@washington.edu,Halette,Pickworth
2a756bf8-3884-4378-a6e8-da5bb35db68d,icleynmani7@accuweather.com,Iseabal,Cleynman
96392180-e326-4558-bf82-85ef43192c25,slogsdaili8@hud.gov,Sammy,Logsdail
0d086e6b-3949-406f-bdd4-62bf62aaecc5,cwoolliamsi9@hud.gov,Celinda,Woolliams
b0c57282-0483-44da-a4d6-b9bce929bb67,mayliffeia@narod.ru,Maryanna,Ayliffe
0572603c-4f48-49c4-8c79-501c2db31af4,mloucaib@dropbox.com,Merrill,Louca
0ec84952-59ad-49c6-ab10-212bdd053a93,awigelsworthic@opera.com,Alasdair,Wigelsworth
72f4d723-aa42-49b4-8e4c-d1453f20203d,gdunniomid@msu.edu,Gareth,Dunniom
4acb9c3c-6294-424e-ab24-7540a1a19233,srivelie@seattletimes.com,Sophia,Rivel
b55c2f1c-ab84-4606-9cbe-e93ea325e6ac,lberzinsif@facebook.com,Linnet,Berzins
94ad5edb-3797-41dd-a9c9-58cc7006d6a5,lgunstoneig@homestead.com,Lewiss,Gunstone
e7c7a87d-86e7-45fd-860b-db7dd6bc45d2,gbastideih@wordpress.com,Georgine,Bastide
a3ea1559-06af-429b-a4cf-ac99ee161d6c,gspriggenii@paypal.com,Gerhardine,Spriggen
a9416e76-503f-4533-a53a-8757e2854bc4,thaweij@shutterfly.com,Torey,Hawe
966bb596-1a92-49a2-b3b8-f99468d0c167,africkik@yellowpages.com,Arluene,Frick
71f1e0e1-46d7-4aad-ad2b-f5ee03c9b062,hsetchellil@arizona.edu,Hakeem,Setchell
8ca432aa-0113-4acf-826f-5db9667c195b,kaddsim@mac.com,Kiel,Adds
2204424a-6071-4da5-a9cd-c7773e590dbe,vcapelowin@va.gov,Venus,Capelow
4119a267-5fa4-4242-89a7-8fee2b6bd760,cmcguineyio@merriam-webster.com,Carolina,McGuiney
ef6ad91f-6927-4ef3-8f9e-b6f5e25745b8,sfeldsteinip@miibeian.gov.cn,Samson,Feldstein
3c2aecf5-51aa-4e5a-b055-d8f2c703fe55,ghucksiq@go.com,Gleda,Hucks
f83d2f12-feaf-4aef-8cda-0a5b34ae134b,sprenticeir@yale.edu,Sibyl,Prentice
156ae262-2e6f-44ec-a67b-16746155e4c0,ihendrickis@spiegel.de,Inesita,Hendrick
3d849b9d-9ba2-4e5b-adcf-efa8f1c7b5a7,rmyttonit@si.edu,Rose,Mytton
1e8abd34-24bc-4bd7-828f-aada4407ba37,screakiu@reddit.com,Si,Creak
bb522150-b697-451d-b94c-1356b20f1335,mvasyaeviv@alexa.com,Mordy,Vasyaev
73865cef-7fe2-4028-821b-8f0ac09ef7e6,dduttoniw@jiathis.com,Damian,Dutton
4ff855e1-3160-4087-870a-85333719eb59,kpoyserix@marriott.com,Keenan,Poyser
228c4fc8-1c5c-4a85-a773-f6843c64c8ab,tgreenhalfiy@seesaa.net,Tedmund,Greenhalf
c7dd2860-ba2e-4492-833c-74b4ff5eb313,rpeddariz@mit.edu,Rosaleen,Peddar
25338aa8-933d-4d48-b40c-5ca892f27ed1,cgrannellj0@theatlantic.com,Cristin,Grannell
4d96fb63-c4f5-489b-845e-05c250dfa9e5,phallettj1@mlb.com,Pasquale,Hallett
0e8ff8bf-48fb-4a6c-93e6-d8c776e88f2c,hgainsburghj2@taobao.com,Huntlee,Gainsburgh
24c5f5fa-9994-44f1-b07b-6df374ce132a,lsmithsj3@infoseek.co.jp,Laryssa,Smiths
35f06e4c-a62a-43c0-b4fe-1754e4e73efa,ylandeauxj4@ed.gov,Yuri,Landeaux
a25409e0-9529-4971-b8fd-855ed6584247,epallentj5@51.la,Esme,Pallent
6331c91d-b911-4b0b-942d-b0df29e0e600,mgraeberj6@slashdot.org,Muffin,Graeber
a97fb641-02bf-4928-8655-f6e7df84413e,wjaquemej7@google.com,Waylan,Jaqueme
f2f85211-bec8-4890-8da5-fc202beecb57,nkearyj8@cam.ac.uk,Niels,Keary
f868b55e-11d5-4ee0-a52b-90e4d3adf714,jdugoodj9@furl.net,Jammal,Dugood
e18863e2-26d9-4e9f-ba0b-7fe0fa7ccefa,jkempsterja@weather.com,Josee,Kempster
4284db3f-7d8f-467d-8106-9e452ddb5e2c,dreolfojb@t-online.de,Doralin,Reolfo
7dff45e4-1ab7-440c-abc6-b666fc45b932,mbiggerstaffjc@hud.gov,Monica,Biggerstaff
0c0e313f-ef05-4073-ae97-9b438f3cec3f,rkonerdingjd@squidoo.com,Rene,Konerding
65c11161-e15c-4127-ab2b-9f83218c9c67,saddieje@zimbio.com,Shirley,Addie
8e9b61f9-3006-44f6-b214-4e1ad9b0d9e4,fridgwelljf@state.gov,Fran,Ridgwell
47395284-cc3f-4cb0-b438-0728a793226a,bharkusjg@wsj.com,Bidget,Harkus
c0897788-bdc1-4f7f-95a3-c3fb15c7cdfe,rfinlaterjh@cam.ac.uk,Ros,Finlater
0f9324d6-2325-4927-85d1-b6d186f797b6,jmckendoji@blogspot.com,Judy,McKendo
18652f99-94d9-4743-8928-9f8d4a642f6c,iheafordjj@mozilla.com,Isac,Heaford
23491511-3247-4e37-bbc6-4136e12a1dd9,apearsejk@mayoclinic.com,Alys,Pearse
32ae9266-7778-4da7-b937-95b1f5e4a3a6,nbaitsonjl@merriam-webster.com,Nanci,Baitson
7e102043-1701-4a69-9aa5-e939eef1413b,abramejm@ihg.com,Arielle,Brame
181f3fc4-0ca4-4a30-9c41-4ae5b1e6bac6,rthulbornjn@usnews.com,Roselia,Thulborn
cfe74dde-8683-4172-8d2c-fe0c568b5847,triggottjo@cbslocal.com,Thibaut,Riggott
98972eeb-ae08-4c65-8cdf-e208007930fb,wbuddlejp@seesaa.net,Willi,Buddle
b4019fdf-cb8f-46e6-bfe3-85f57d15357c,opatronijq@addtoany.com,Oliviero,Patroni
32f17498-8383-46aa-8fcf-76c0670f523f,bhurtjr@unc.edu,Belia,Hurt
ddd64e83-4a6f-4932-885a-6fba02263148,tgettingsjs@columbia.edu,Tate,Gettings
505d472b-75aa-4ad1-94c5-5d48b15b1639,olanslyjt@hc360.com,Oby,Lansly
a94376af-6f53-4bcb-b770-3ad2c5a4f4bb,smacariju@oaic.gov.au,Sean,Macari
deee4d72-0ab2-4e63-9cbe-36a33294abcc,mnouchjv@constantcontact.com,Monika,Nouch
b3eace7d-a02b-48bb-8aee-d4b0551fac32,vwhaleyjw@va.gov,Vivian,Whaley
0be5daf1-8e53-4bb9-98ca-77a2d1295d61,hwoltonjx@sphinn.com,Herold,Wolton
a8a12320-4219-431a-b1f5-2a2ae5ec3b3b,cjodrellecjy@theglobeandmail.com,Cati,Jodrellec
fa93951d-e8a6-4700-bb20-28af36229c4c,gdunnejz@nyu.edu,Gladys,Dunne
53a175f5-f558-464d-b2bf-ba66e1d3c14f,zmordyk0@wunderground.com,Zachary,Mordy
25c342ed-8b30-41db-8914-658e97afb83e,nchreek1@samsung.com,Nani,Chree
3774f4a3-3cd3-4d01-86c8-08da2a39d8eb,zsparwayk2@nydailynews.com,Zorana,Sparway
71440f39-abec-4b71-b01a-47f1207160d0,bblinermank3@nbcnews.com,Burr,Blinerman
775d5b6a-7331-47c4-bfe3-1c7c98ad5e8e,parisk4@lulu.com,Paola,Aris
8436ee27-7909-4317-8d80-6650d01faad8,vlafflinak5@businesswire.com,Violante,Lafflina
a6eeb9d5-f5a9-4603-b2f5-994e7be926b0,dgirdlestonek6@arizona.edu,Deeann,Girdlestone
b577c597-5b7b-43e4-ab76-acf76b7f853e,cphetheank7@google.it,Charlie,Phethean
5024e9bc-8926-431d-8bb0-b6b89bcc5290,afleischk8@shop-pro.jp,Aldwin,Fleisch
3467f6d6-1ecb-492f-8a3a-0af102289a00,ataylotk9@linkedin.com,Abbi,Taylot
1e2f4e96-e99a-4a6e-ad06-8a11998c6f1b,mryleyka@walmart.com,Moises,Ryley
8abaa822-8628-4eee-981a-a4b5a839767e,rpoyzerkb@latimes.com,Rosemonde,Poyzer
a5d9f647-965a-4b1f-8da3-a5fa009c5074,mcussonskc@imgur.com,Marthena,Cussons
f8b75ba3-6891-406f-a1c2-437d9656e5d9,vadamikkd@diigo.com,Verney,Adamik
b847a5d7-13ca-44ed-8c75-52268f88996f,rcossonke@businessweek.com,Robbie,Cosson
21466bd6-05e0-46a5-af13-0f8439863a22,jtrunchionkf@altervista.org,Jena,Trunchion
318a5ffe-36c5-4c0a-ae00-ab0054cdc636,oroukekg@parallels.com,Oralie,Rouke
04f18e7d-a295-4700-975d-f5f84c6b4256,ybarleekh@npr.org,Yard,Barlee
3e31bdb1-e9b9-4dc8-90d6-020301623b4a,bmiramski@ycombinator.com,Betta,Mirams
0ad3e8ed-e814-4edf-9020-551a884ee3d9,tmcquiekj@yolasite.com,Timoteo,McQuie
7aaa3b90-346f-4aa5-b735-f0dfe4cbdc62,bpickthallkk@archive.org,Bail,Pickthall
edfefe5e-19b2-4594-9f41-adcb773bd73c,ncianikl@jiathis.com,Nanci,Ciani
7da5c225-36ac-44c6-914d-f84859b2294f,acockerellkm@ucoz.com,Afton,Cockerell
a0021685-f6ee-4f1d-884f-8ccc1724abe1,apickinkn@shareasale.com,Alaster,Pickin
b3f36468-41be-40e2-bfc9-d6ebf652e8c0,dmuscottko@mozilla.org,Dosi,Muscott
13d4faa2-f203-4c45-a887-f2a370cb5f6f,bfustkp@cnet.com,Buckie,Fust
b36ea94d-135d-4b73-896c-3ea71aa08eac,mstopherkq@census.gov,Minette,Stopher
e233e3fb-57f1-422b-8360-8dd89e29f6af,lleppardkr@ebay.co.uk,Lian,Leppard
1789b4c7-759e-4892-a6f3-5df27d85c548,cwetherheadks@ihg.com,Codi,Wetherhead
9f50f84e-192b-4ae9-aaaa-3fb5504abad4,kheaphykt@toplist.cz,Kahlil,Heaphy
0ae83064-7686-4053-8e66-c7ed18cc38a3,cdaglessku@nydailynews.com,Clare,Dagless
61e03dfa-0d6c-40d4-9337-bdff66bd6dd5,dbecariskv@home.pl,Dulcea,Becaris
5feda21e-50b7-452f-93c4-1705ff124f68,jklazengakw@zimbio.com,Jarvis,Klazenga
95752fc8-9378-42ad-bfcc-c6781f42515f,fdunnankx@plala.or.jp,Farlee,Dunnan
cb1ab4fe-87a5-472b-ac53-2618d15f5e94,rdietzky@hubpages.com,Robby,Dietz
4b3ca260-f96b-435b-a58f-f1c01fca405a,vkearleykz@sourceforge.net,Verge,Kearley
3e2c4271-29bc-4046-b752-70f129254380,ahandesl0@live.com,Aeriel,Handes
c3768c38-abd9-46c9-a90b-2ee5165827a1,lscotchmurl1@nasa.gov,Lyndsie,Scotchmur
3a236ac3-1d09-40e9-ae9f-e13298e9120f,sloudianl2@fotki.com,Stanislaus,Loudian
bf399f80-4c1a-486e-b0ab-0309100b43be,jhassanl3@macromedia.com,Justina,Hassan
55924418-2308-4386-abef-7b07025fa202,dslayl4@netscape.com,Debora,Slay
88b6900f-e128-4c5d-9423-5050caa84626,lmitchalll5@woothemes.com,Lorenzo,Mitchall
57b2dcec-f3d5-4310-bed6-eecf7e62a6e5,reklessl6@pbs.org,Randie,Ekless
7f40e0da-2a1a-42f8-9fc2-c826da89c00a,mdaversl7@webs.com,Millard,Davers
2bddebbb-09a9-467b-b8f2-b4a2745ff3ef,aciccottiol8@ucsd.edu,Arlena,Ciccottio
525a729c-a6a8-4c10-a036-ad6ee37a33ce,tbohlsenl9@rakuten.co.jp,Tucker,Bohlsen
2279c74d-9531-46b6-837a-180c3d94b352,fcaneola@wired.com,Florie,Caneo
1ab19d0d-014e-40ee-b345-f810db1d5fe2,rgynnelb@gmpg.org,Ruy,Gynne
03c324d9-82df-4149-9d2f-1eb670226d46,rdegenhardtlc@loc.gov,Rockwell,Degenhardt
703b7cc4-a971-499d-9d14-9118f604ff10,ahickissonld@forbes.com,Anselm,Hickisson
109b8349-39d5-4125-9dc5-9f98f19f255a,nvoycele@ameblo.jp,Nonnah,Voyce
87bb8ba0-ba54-42c4-bd04-f3b6e0dcf69e,wmessenbirdlf@vimeo.com,Wallache,Messenbird
cf2c00df-8774-4eb1-b668-9bd0ef6d0379,pbellwoodlg@mayoclinic.com,Phillip,Bellwood
7dce7b20-9890-4869-9a24-d1c94878eb79,hshouttlh@reuters.com,Harlan,Shoutt
81261d70-d9e2-4e44-9376-5c82994f5c59,aavrahamofli@nasa.gov,Arabella,Avrahamof
a5d51977-a73b-4f30-bb8d-1f890474fa22,cmatiashvililj@slashdot.org,Cherice,Matiashvili
d56a017e-b07c-46a8-a48d-6286849b88e5,abursnolllk@imdb.com,Austin,Bursnoll
c8a119e0-c808-4b2a-a81f-2c10e86d9bbf,jartindalell@ycombinator.com,Jonie,Artindale
a42c51a5-bab9-4706-b8ff-ac3431bea489,lropelm@paginegialle.it,Lorens,Rope
ebc93afe-1cb7-4e57-b6ad-fd2a1f718207,dbonnetteln@wired.com,Dwayne,Bonnette
01b7683d-a4a1-4ebd-9eb3-631e32048900,hparlotlo@psu.edu,Helyn,Parlot
1c1393a5-1e25-4821-b192-75595f1b8c00,bpostancelp@bandcamp.com,Brandie,Postance
3d6c14b6-e2c6-434b-a0ca-bdc6e2218d6b,shabershonlq@hibu.com,Stephanie,Habershon
9611b3b4-2f3b-489a-a30c-f1daee5d2ed9,dhaydneylr@abc.net.au,Danielle,Haydney
44fd3497-d7af-4545-bb2f-c38811142850,ekasherls@utexas.edu,Erasmus,Kasher
20961d35-58f1-4ec1-9930-8fd5dfd5bb0e,amatulalt@whitehouse.gov,Alikee,Matula
50c45748-d512-4372-b108-1ab5cd2e09ee,ycorpslu@shutterfly.com,Yurik,Corps
d1d69692-77e5-429f-8b9e-9d14809c5654,fsunnexlv@usda.gov,Flossie,Sunnex
8704c2fb-09a5-4b46-ab0f-0356da3f5094,lhanlonlw@nps.gov,Lela,Hanlon
29ac58c7-9cfb-4fff-a727-54baab8ed41a,jpinerlx@slideshare.net,Julina,Piner
e16a3d5f-8f96-4965-83ad-dd5d62ba161a,zkellittly@toplist.cz,Zeb,Kellitt
040c7f44-bddb-4837-99b8-5a2a2ab41711,fjedrzejlz@mail.ru,Faber,Jedrzej
bcd0aa87-e684-4689-815d-0fba92707e5a,ktezurem0@ox.ac.uk,Karolina,Tezure
22e67e36-8d51-4d20-b8cd-d74cbba63f1a,aesselenm1@multiply.com,Ashil,Esselen
e6f2701e-5aae-4607-afe5-156d3cfa5c04,qocrevym2@berkeley.edu,Querida,O'Crevy
5ad15656-6d3e-4ed8-8177-5d34ddce0203,bmackaigm3@msu.edu,Bennett,MacKaig
c3978d8b-44d0-400a-b9f6-936c5558206f,rfrierm4@telegraph.co.uk,Regan,Frier
b0ae433d-a87c-4bdf-996f-ec1f1ede1614,kcushm5@wsj.com,Karoline,Cush
9d0a6a4f-6108-43d6-be1b-0774e97117c3,tshillabearem6@java.com,Tomlin,Shillabeare
d0811ee8-db35-4dcb-91c7-a7edc9b8ef66,nbampfieldm7@networkadvertising.org,Nelli,Bampfield
69ba944c-20a8-4530-b433-a82667ce9090,avellacottm8@ifeng.com,Alexandros,Vellacott
8b1b298e-051a-428c-8f6a-11c648974dd6,cbirkenshawm9@hp.com,Charyl,Birkenshaw
e9dffb97-1ca8-4ca6-9beb-35951c754364,sdomanma@biglobe.ne.jp,Sidnee,Doman
f7321f07-92d9-4262-8e63-55fb6b5d7347,emullanmb@mapquest.com,Eveleen,Mullan
c6f9bf21-1599-4004-9bec-8c548b764a0c,kguildfordmc@canalblog.com,Kathi,Guildford
52580113-a5b2-4fa8-ab10-e8524417584d,kabberleymd@springer.com,Karon,Abberley
5829eda7-a640-4ec4-88de-207ae88a8feb,ikennefordme@sun.com,Isabelle,Kenneford
e58d9f0a-c7e9-4397-8283-d96a95ee43bd,dtymmf@imdb.com,Darby,Tym
d3d9b155-9094-416d-aa5a-87115fed7020,nyukhnevmg@wikispaces.com,Nolie,Yukhnev
b4369b34-71cf-43db-be59-8cf63bf2189d,wgidneymh@craigslist.org,Wenonah,Gidney
2f7e37cd-fb8b-484a-a37f-1427ad6f743b,tlovstrommi@cargocollective.com,Tulley,Lovstrom
fe665f40-7801-4889-8826-b5c6085af544,amiddlemj@cbslocal.com,Artair,Middle
7fb4e018-5b98-4070-a030-9a4462a3b778,bkrzyzaniakmk@google.nl,Brooke,Krzyzaniak
48cd8427-b442-4695-b3df-128f789b263b,agermaineml@g.co,Aubrey,Germaine
4a64b20d-d142-4383-9623-e9c0776f0787,calburymm@cornell.edu,Candis,Albury
121a193f-e625-4376-9771-14e39d66cbca,tagatesmn@etsy.com,Tammy,Agates
fbc450aa-38aa-418c-8b8b-9e498c6c4267,egrimoldbymo@fastcompany.com,Edyth,Grimoldby
a7c0a3ed-90fb-47f3-bdf3-7c19656594a6,bsprakemp@yellowpages.com,Berke,Sprake
38fcf9d0-faaa-4d40-8e4f-d59a6b1b83aa,hmactrustriemq@sourceforge.net,Harv,MacTrustrie
b93bb00d-156c-4f86-bbf8-658dfb5278af,cmintoftmr@adobe.com,Clerc,Mintoft
54249e03-ed93-4479-8328-746075ae87e8,phutsbyms@zimbio.com,Paloma,Hutsby
db0c7911-7d3e-4fae-b44c-b02f84e1091e,dscottingmt@google.co.uk,De,Scotting
d8c5edfa-9b40-44d7-8a73-7eae0b4c6a50,btuveymu@rakuten.co.jp,Bill,Tuvey
1a0a0692-1b91-4406-a698-c611398aad9b,ehaineymv@yahoo.com,Evan,Hainey`
68bc5289-5fd5-46a7-86ea-2f1315f70122,hbabcockmw@delicious.com,Harley,Babcock
66af333a-4e69-4695-ba2b-885eb4a97ee4,pburtwellmx@lycos.com,Perceval,Burtwell
1e70e6c5-9f6d-42d7-a639-292cb6441342,rcuttingsmy@google.nl,Ranee,Cuttings
cfb8632c-faf0-4c2e-b5ee-46702640215a,lpiatekmz@clickbank.net,Leonard,Piatek
496a3d5e-2e15-463a-97b9-c926006f3e10,bmusgroven0@goodreads.com,Boote,Musgrove
984e53de-a1c9-4614-a367-ecba92ca722f,srawen1@istockphoto.com,Silvio,Rawe
88c7aee7-0b0b-4d28-be7c-2a1664e33079,rcanacottn2@intel.com,Reed,Canacott
a7cdc8f4-b8fd-443c-ba1c-a9fc02f1fffc,vstuckeyn3@prnewswire.com,Van,Stuckey
64abb73f-c46a-476a-b175-633e6e4f9639,lsarahn4@economist.com,Lib,Sarah
6d06b53a-b877-4a01-8f6d-e77adc81eca9,galann5@netvibes.com,Garrot,Alan
b61e04cd-a20b-46ed-a6ee-694fd121990c,gwarbeysn6@newsvine.com,Glen,Warbeys
a96b35d6-b67d-4c21-862b-c18a96918074,rwybernn7@youku.com,Redford,Wybern
985cc213-55ae-4821-b664-6b8a35a874d0,oglenfieldn8@behance.net,Olly,Glenfield
6d4df53d-c90b-4432-90b8-af21cfae8a83,ntomleyn9@networksolutions.com,Nathanael,Tomley
819bd425-eaa8-467b-9a5e-51c17cef61ec,cponterna@nih.gov,Carley,Ponter
40ee3485-607a-489a-8b0e-5630a6a2974e,gmatushevitznb@reddit.com,Gipsy,Matushevitz
2942d798-1dfb-435a-97ce-d0ea8e414d6e,dbretlandnc@nih.gov,Dore,Bretland
c2f82ede-1415-43b8-a794-427bc62e5803,bbotfieldnd@cornell.edu,Bellina,Botfield
628b7973-e73d-4eaf-9e9e-e001508da028,gnanglene@intel.com,Gabbie,Nangle
14e056ca-1f94-4e9f-9d44-f4e3500855f2,chargrevesnf@unblog.fr,Cobb,Hargreves
ec1f00ba-785a-4cd2-ad5f-4242097180b6,mscarrisbrickng@sciencedirect.com,Mitzi,Scarrisbrick
0aa25f37-3acf-4031-9cad-c8fb3e3a4049,jallmondnh@flickr.com,Janeczka,Allmond
1b806336-66f0-4de9-98f7-a5755f69195f,tbecketni@vinaora.com,Tommie,Becket
da1142ff-4633-4ee9-8716-71833f895fa0,aosullivannj@netscape.com,Aloysia,O Sullivan
7640f255-7e2f-4827-9765-d5fd87a0574e,blinleynk@newsvine.com,Bryn,Linley
17fa3b94-d5ed-477a-94fb-b430c2822b44,bflauniernl@jigsy.com,Billie,Flaunier
ea5dc16a-1f01-4337-9570-c8988c94d5d6,cbonnnm@storify.com,Carley,Bonn
4914269a-dca2-43b0-b2d4-37e35f51d699,amingetnn@hud.gov,Ansell,Minget
17f0d67e-9ccc-4448-9135-994e9ec69787,jbellhangerno@mit.edu,Jessalyn,Bellhanger
a22e6714-247e-44bc-a840-8c826cb3696b,gwattingnp@4shared.com,Germayne,Watting
54c3cd0c-0d9a-4507-81ca-7f3ff230510e,dswatlandnq@posterous.com,Dianemarie,Swatland
9ba3746b-33ba-46d7-91d8-6bc877ed94d1,cghidottinr@blogger.com,Callie,Ghidotti
e157a949-0aed-4042-9155-1827b1987441,jgiannasins@about.me,Jeana,Giannasi
19ca91c1-e840-4464-b3b8-150a0b7b0dfd,ckleinzweignt@uol.com.br,Cedric,Kleinzweig
5811bc4e-205e-4e33-84ff-a1c230809edc,mmcmeekingnu@ihg.com,Michelina,McMeeking
e1c3270a-e6ae-4258-8df0-1a904f06639c,hhurrionnv@skyrock.com,Harlan,Hurrion
3225ed24-8646-4881-819b-e0d84126e576,astebbingsnw@de.vu,Ari,Stebbings
107f26a7-126e-4cac-b4f4-9032232ab3e3,hsichnx@unesco.org,Heath,Sich
1a8b5abd-c980-44fa-b724-4e19d3949a82,tpoltunny@wufoo.com,Tera,Poltun
24ceac8c-a068-4c0e-9394-36ac3fbb4016,mdechelettenz@bravesites.com,Maurizia,Dechelette
e4bdf583-c23c-43c1-a254-bb0758ff6ed9,rtruggiano0@myspace.com,Reg,Truggian
68f8329f-0c54-4b9c-bbc8-d53464189470,xroonyo1@irs.gov,Ximenes,Roony
dd1f7d2c-1e66-4000-aafc-02f5b577de62,mpilipyako2@ameblo.jp,Mohandis,Pilipyak
cba68bc7-7b00-45f3-9eee-77b6d7612a45,gbushillo3@blogspot.com,Giuditta,Bushill
10ef302a-dff9-49d9-9e4b-81dd0f86591f,acrysello4@naver.com,Anthiathia,Crysell
6160a287-df6f-4c12-982e-7f5ec5e77195,vmerico5@cdbaby.com,Vitoria,Meric
2f12e4c0-4a2c-44eb-a481-89053bd2435c,scrooto6@about.com,Siegfried,Croot
48445d30-01a6-4d6e-8dfb-344d8f9a383d,jwrassello7@shutterfly.com,Johanna,Wrassell
ce16b57e-2b5a-4ad0-88bb-b45a88f47529,stirono8@epa.gov,Seth,Tiron
34f5baa9-970d-4bc1-92fb-b9ed2d758fa7,knobleo9@cmu.edu,Kyla,Noble
29eaeca8-409e-47f8-a158-a033a5ba1ae3,sdomeniconeoa@alexa.com,Sherri,Domenicone
569a59d2-4883-4165-9803-3e403c839e39,asilkstoneob@360.cn,Abrahan,Silkstone
3e3ab50e-067c-43a2-a60d-c48ffe1dbf7c,rlowensohnoc@booking.com,Rozanne,Lowensohn
77af014d-8d75-48a1-acc2-273ed6779eff,aleadbitterod@un.org,Arabelle,Leadbitter
a8d703bb-5456-41fe-a0d3-2bd6d6a73dfb,edybaldoe@telegraph.co.uk,Eadmund,Dybald
e39e97ab-1779-41f7-8d6b-095824441871,mleupoldtof@friendfeed.com,Minnaminnie,Leupoldt
87bbbdce-d7ed-44e4-80a2-d575fb5b6afd,kobertog@homestead.com,Kendal,Obert
c0713ea8-7e39-49b3-bf26-c0a6e08c1988,fbomboh@clickbank.net,Franny,Bomb
816a4801-6b3a-4cd2-9228-dd0f2beb58e1,poluneyoi@upenn.edu,Pandora,O'Luney
23a94e6a-36ba-4202-bbbd-db943af6a54b,zgiacubbooj@opensource.org,Zilvia,Giacubbo
7ac79c00-9933-4689-b7f9-6fda363056fc,bpoppingok@biblegateway.com,Bird,Popping
8e60ce13-7318-4f0c-bb25-acab912c142d,mburchessol@desdev.cn,Marline,Burchess
6a491b31-7373-4fdd-bedb-1ffd616cc949,jhovelom@virginia.edu,Jarad,Hovel
eb29e091-ea04-48ca-b022-426dc7dca919,askokoeon@wsj.com,Alexi,Skokoe
f26cab02-8186-4e03-a90e-4240c3e3402d,akingscoteoo@jigsy.com,Aubrey,Kingscote
872e71a8-a1ca-4435-913d-7142f5db0474,gbelfittop@biglobe.ne.jp,Gabbi,Belfitt
fc760614-e81f-4e85-9b82-ca06196e985d,clavertyoq@techcrunch.com,Cordi,Laverty
fda6aaf3-63a7-4625-9990-5bf0e317bd20,scarrelor@yolasite.com,Sidonnie,Carrel
d0d189f2-1d41-47a9-ac52-f9939f15b399,mpalferyos@pagesperso-orange.fr,Madelyn,Palfery
f6947f5f-ebfe-4c1e-9835-bc25ba6169e1,hbayfordot@liveinternet.ru,Hermina,Bayford
6066ea18-ec3c-4650-80dc-a7573f00408c,tmendesou@1688.com,Thom,Mendes
f3e20923-192a-48e3-b322-1fd23b8c7cd7,narensov@homestead.com,Nicola,Arens
c8c7d74c-f59a-4f81-9358-60cb1dadb73e,oscandrootow@newsvine.com,Othilia,Scandroot
cd05ce37-a4f4-4705-9885-f37bffda54ae,smouldenox@etsy.com,Sydelle,Moulden
1bd607ca-8640-43e6-ba45-f214fe83fb3c,ccalwayoy@tuttocitta.it,Charlot,Calway
c89f5780-ad5c-423a-aa97-2a006ed81d69,sschrineloz@storify.com,Spenser,Schrinel
075ad134-1e77-4bfc-b6d7-6cadb84ba0d3,crhodusp0@chron.com,Corney,Rhodus
925e5416-f6f7-4a62-8f1b-a6327a9d3c1e,ibillesp1@time.com,Iorgos,Billes
9bb1ec47-7887-4a24-8046-997e8517fcfb,dhenninghamp2@webeden.co.uk,Dolli,Henningham
a5f94948-92f6-4ba5-8a6a-e8b3170d9b0c,ipaxefordp3@ask.com,Imogene,Paxeford
11de1cdb-b8ca-4917-9ef4-0c3657079791,rfelgatep4@shareasale.com,Ronnie,Felgate
d5cd5c12-39f1-40f4-abba-f0dd757be1d1,ncritchellp5@mit.edu,Nikolos,Critchell
eff8c395-331b-4e7c-8450-cdfa13e41cbf,dgawthropep6@ovh.net,Debbi,Gawthrope
2563a932-71fc-4382-8ba1-66afdb70b8d4,sdericutp7@quantcast.com,Sheba,Dericut
664c2b47-6756-4452-86cd-b9af836a9e2e,cjosovichp8@usnews.com,Crosby,Josovich
d6db9121-8fa0-44a0-93e4-fc6753bacb20,awylamp9@barnesandnoble.com,Alberik,Wylam
bc03bfb6-b907-4cb0-b782-979358da58db,rschruyerspa@home.pl,Raphaela,Schruyers
6cdbf31e-e275-418c-ab13-a5ab8b3f2c93,ldegiorgiopb@google.de,Liesa,De Giorgio
60b2d928-24ba-4cf5-b7e9-ebfa035710fc,sloughtonpc@psu.edu,Shena,Loughton
8c749b9f-583f-454e-b33d-ed4f939f90b0,cmarlenpd@hatena.ne.jp,Constantino,Marlen
934076d9-1776-490a-b753-2d162942ad15,eoclovanpe@unesco.org,Edvard,O' Clovan
0d311c65-5605-4e50-921e-e9e4051f4ed7,hmajorpf@bizjournals.com,Harland,Major
9ffdc899-3b52-420d-8495-de88f108f4f7,edunderdalepg@ihg.com,Elizabet,Dunderdale
fd585613-3945-4f31-8d9a-47967d90b10e,sbannellph@163.com,Silvio,Bannell
d0c0ac1d-1d9a-49bc-8887-705fdaf42c2e,tblakemorepi@mapquest.com,Trent,Blakemore
e5ea976e-e672-4d77-a7d5-6e20c110e59f,wnormabellpj@diigo.com,Winn,Normabell
f6d8e65c-38f7-4c8e-8204-b8646fcdd4f8,jdunstonpk@wix.com,Jock,Dunston
71b9403b-ff0a-4a77-b780-6f6745892d1a,mespadapl@cargocollective.com,Muire,Espada
f8043724-33f1-4fac-a94a-afcc92bccd4d,mchadbournpm@yellowpages.com,Myrilla,Chadbourn
5f2a42a2-a61b-47fd-94b6-a85573159424,wfeltoepn@deliciousdays.com,Wylma,Feltoe
aa0d284e-a812-45f8-bb6b-6cfc22c55c98,bholworthpo@etsy.com,Bronny,Holworth
483e7310-44cd-4e72-9737-101f6b990539,agrininpp@trellian.com,Arlyne,Grinin
c139c2c1-560d-42aa-8d6f-c1d4461c38b2,amaryinpq@eepurl.com,Adrien,Maryin
41872931-241e-404b-a54d-8275f702c888,gstrephanpr@state.tx.us,Gibb,Strephan
f55c3dd7-611f-4b57-8ec3-778d9255e713,iturrillps@ftc.gov,Ingmar,Turrill
6bf610a3-242a-4a25-ad99-85a78266f46d,jatwoolpt@cnet.com,Jemmy,Atwool
0a6af194-5776-4d41-bd35-1427ac8b5869,ccacaciepu@istockphoto.com,Carling,Cacacie
947fd82a-d623-4c70-967e-39dfeafdd9d7,dhartwrightpv@epa.gov,Dunc,Hartwright
301fea3c-abfe-4766-913f-b93cfda571eb,tjosskovitzpw@dmoz.org,Tudor,Josskovitz
43c7f1b3-a687-407f-a45e-882c45f1e583,rfisbeypx@hexun.com,Rudolph,Fisbey
0f6e5129-8681-4ff8-bd74-fd3f442cad15,itrustrampy@accuweather.com,Ingrid,Trustram
ed7c4d9a-1208-4eed-bf95-843d24fdca44,dhebblewhitepz@dell.com,Dud,Hebblewhite
87dd6dfa-c800-4cb1-9c52-345013039fc1,mstandrinq0@loc.gov,Minta,Standrin
3eaae5f2-4d29-4c26-a2ab-e6b854591173,cstrowanq1@squarespace.com,Cull,Strowan
2c843e2c-9c61-4824-b960-88bcbfe33c4b,tflorenceq2@twitter.com,Terry,Florence
3db36603-7873-4693-be92-5189b8107f5c,kknaptonq3@prnewswire.com,Kay,Knapton
af1033bb-dd2d-4ac3-a5ae-89a79164cd82,wdigbyq4@qq.com,Woodie,Digby
48a23b4d-24e6-4f88-88df-a114a428811e,jsidneyq5@umich.edu,Jessey,Sidney
3b747585-5695-453e-a5e2-881e335f7f3e,swildesq6@unc.edu,Shaine,Wildes
fd89660d-a7a6-4485-a44d-9c82fdff8479,hdoghartieq7@redcross.org,Henryetta,Doghartie
d07e606a-4c63-4118-9c9c-0ed20025421c,sagostiniq8@canalblog.com,Saunders,Agostini
df589d2e-6aaf-4449-bff8-20b4ec6019e8,mlautieq9@java.com,Mitch,Lautie
d3ab4b3d-e81b-45d3-aa86-3e6dd0a4c668,lluckwellqa@jalbum.net,Leshia,Luckwell
07779b53-0c6b-4864-9ee0-86ab3a0c38c8,pcarissqb@cdc.gov,Patin,Cariss
c35bcada-53b6-4bfd-8b79-75b160e4e908,limpyqc@usnews.com,Lia,Impy
c61080bc-4018-45dc-9605-7ac7f40b9b58,gkinkerqd@nsw.gov.au,Germaine,Kinker
6b1ee0a0-798b-4e5b-b167-67fc31b23820,mroggieriqe@macromedia.com,Mignon,Roggieri
f5af8032-95be-4c8c-98dd-ac033ffaceb8,ccarwithimqf@dropbox.com,Corrina,Carwithim
71ae8f9d-8bb7-4fe6-aaf3-731281b03946,khengoedqg@cbsnews.com,Karry,Hengoed
7edc9c4e-7469-452c-9772-5aa50f627520,jkettqh@mediafire.com,Jolie,Kett
b91e8d14-9669-45b3-b670-e43a0c9f360f,ajewelqi@opera.com,Aeriell,Jewel
5042bc64-b169-461b-8514-f3e22477ac27,mgribbonqj@gov.uk,Mignon,Gribbon
f02a5f70-8b37-4e86-8a35-533044a4092b,hschwandermannqk@theguardian.com,Haley,Schwandermann
84399301-25fb-4e4a-b393-f1a43d6a29cb,taiersql@angelfire.com,Torrey,Aiers
eeb9f44b-421f-494d-9962-313ac8c73ad6,fsimchenkoqm@tamu.edu,Fanchon,Simchenko
5fc07679-10c7-499d-b450-2eeb3a70f64d,sdeamqn@utexas.edu,Sianna,Deam
8ee43e63-a46c-45ca-adf3-a530defbb6c4,tgreenroydqo@va.gov,Taylor,Greenroyd
8c0f33ea-8b06-4810-8612-781ee34cbff7,tlytleqp@qq.com,Teresita,Lytle
e54ef0af-67d8-4750-b3fb-0b213148214d,vfurmengerqq@scientificamerican.com,Valma,Furmenger
df9d8ad3-1cf0-4a01-9958-771cae4bd9f8,atrelevenqr@forbes.com,Aubrie,Treleven
0c6caaf7-1fe7-452c-9261-2f0714aba178,slaneqs@google.co.jp,Sterling,Lane
fd25b0e3-d591-4c6a-bb22-cf8de8e3b66b,menderwickqt@canalblog.com,Madlin,Enderwick
8636471f-e49d-4f27-9d8f-da624f907c25,dbletsoequ@ucsd.edu,Dudley,Bletsoe
c7e233bc-c52a-4ada-a8ec-f82a74a9498e,aplomerqv@a8.net,Aubrey,Plomer
40dc9160-f45c-4f98-8337-407fcb4d0e04,egrosvenerqw@wiley.com,Ellie,Grosvener
6de34c12-a674-4817-9af2-189401815338,schaldecottqx@ameblo.jp,Shurlocke,Chaldecott
1a1aca9c-f6ab-4123-b458-be1af13bc2b4,wnicklessqy@state.tx.us,Waiter,Nickless
c4ab0178-b3e0-447a-b97a-4a5b12ebed2b,lbestallqz@infoseek.co.jp,Lindi,Bestall
bd5721ee-a3d0-4d6f-9780-64acae43712e,pkestinr0@hexun.com,Petra,Kestin
9baea4cb-25f9-4378-8471-8b00a37c2fc3,npittsonr1@amazonaws.com,Nicolas,Pittson
058bad00-27e3-42c5-a16b-fd00c6fa6599,gdefriesr2@constantcontact.com,Gisella,De Fries
39b6f4f9-c293-4e93-8dee-c562d8abb10b,mbrunar3@github.com,Mady,Bruna
102bf205-bfed-4539-8f9a-a5fd46ef3670,reldonr4@ihg.com,Roldan,Eldon
85e54e4f-fc68-4f48-81d3-9b38edec7462,kdictr5@liveinternet.ru,Kipp,Dict
cd840c66-3b1d-4d23-b348-6b8e1b2008ad,lburdisr6@rediff.com,Luke,Burdis
6e9080de-7609-40bd-a62e-593f67a90bc8,wtonbyer7@mit.edu,Wanids,Tonbye
3b1ce8d2-8916-4408-b075-650d8d6262e4,pcarthyr8@statcounter.com,Paddy,Carthy
c4a4ca38-bb7d-40db-ae40-ea7fe639fa67,cspurmanr9@cafepress.com,Callean,Spurman
6599dda7-f3dc-4e89-a9a2-db5dfbd1612e,irizonra@toplist.cz,Ianthe,Rizon
27f49e90-4a4b-4791-84c6-01be0a4777c1,mbatthewrb@ebay.com,Maxy,Batthew
a558efb4-a6c4-45fe-9d62-8c647da22818,mcatleyrc@bloglovin.com,Mirilla,Catley
3011f933-ddcd-4aa4-ae3f-ebd2ba2c6938,vmaygerrd@multiply.com,Vaclav,Mayger
b0b9774f-593e-4b8a-936b-8492c9f06798,dsloleyre@mediafire.com,Derby,Sloley
77211a6f-5a17-4251-9a7c-6d5c93bb07cd,sfassetrf@wikipedia.org,Silvano,Fasset
ff5e8d89-e06b-43a6-9785-a781f057ce88,akitchinhamrg@flickr.com,Arie,Kitchinham
da08bcb1-4157-43b9-8c4e-0c6188f43049,sgayterrh@house.gov,Shadow,Gayter
c2a8c1b5-1010-494d-ac3c-56c94dee67fd,phumanri@jiathis.com,Patric,Human
124f25f7-bc85-48b7-8793-edae3abffeda,kdermottrj@taobao.com,Keenan,Dermott
418f5d1d-2200-49d7-afc4-e1f31ca17287,dcourtonnerk@is.gd,Daniela,Courtonne
f41b501d-c7a3-4018-a9f4-e487857e9e3e,bdenajerarl@ucla.edu,Beaufort,de Najera
28caf628-2f23-4908-8eb9-93d034455880,wchivertonrm@prnewswire.com,Windy,Chiverton
2fb367bb-cce4-40a7-af16-d0afa57ba7ba,lfinneyrn@newsvine.com,Lisa,Finney
47588a15-a177-41a6-bf2f-2b2860f2b5a1,mdecullipro@macromedia.com,Marsha,de Cullip
4acf1ebb-3f1b-40c5-ae5c-6d9a5ef80f10,hambroziakrp@jiathis.com,Herminia,Ambroziak
aa760f4c-6b7f-42ec-9a95-b2264be1bd88,thazardrq@icq.com,Tricia,Hazard
ed9478f1-a452-4af8-971c-53806697ae21,nfokerrr@cdbaby.com,Nick,Foker